ID,source_id,ra,dec,parallax,parallax_error,pmra,pmra_error,pmdec,pmdec_error,parallax_pmra_corr,parallax_pmdec_corr,pmra_pmdec_corr,G,G_error,BP,BP_error,RP,RP_error,RAJ2000,RAJ2000_error,DEJ2000,DEJ2000_error,ID,probability
136773,1190656,287.82920006288,-21.68626385359,3.607,0.0788000002503395,-0.561999976634979,0.131999999284744,-27.5559997558594,0.105999998748302,-0.422199994325638,0.0754000023007393,0.0725999996066093,9.92870044708252,0.000300000014249235,10.2544002532959,0.0013,9.46710014343262,0.000699999975040555,287.829202669,2.05369997024536,-21.6861452103,1.64139997959137,136773,0.990233256647536
314388,24237568,285.33758555129,-21.09715415079,3.3866,0.145400002598763,-0.859000027179718,0.195999994874001,-26.9680004119873,0.165000006556511,-0.486799985170364,0.305000007152557,0.0529000014066696,17.1662998199463,0.00120000005699694,18.6215000152588,0.0264,15.9545001983643,0.00340000004507601,285.337589517,3.03730010986328,-21.0970380369,2.56389999389648,314388,0.991974106386578
474144,13908480,287.83052835795,-20.88051469013,3.4481,0.0421000011265278,-0.493999987840652,0.194000005722046,-27.6660003662109,0.118000000715256,0.389899998903275,-0.433699995279312,-0.857599973678589,13.5577001571655,0.00219999998807907,NA,NA,NA,NA,287.830530634,3.00819993019104,-20.880395572,1.82790005207062,474144,0.760368999890574
474145,13908224,287.83038667246,-20.88102353849,3.4683,0.0340999998152256,-0.839999973773956,0.0689999982714653,-25.5209999084473,0.0599999986588955,-0.0922999978065491,0.0190999992191792,0.129999995231628,11.3444004058838,0.00039999998989515,11.6765003204346,0.0015,10.8052997589111,0.00999999977648258,287.830390545,1.06819999217987,-20.880913655,0.937600016593933,474145,0.795681477898164
530492,6598784,287.86152774863,-20.45598620987,3.3749,0.135800004005432,0.321000009775162,0.212999999523163,-27.8929996490479,0.194999992847443,-0.36719998717308,0.179299995303154,0.282599985599518,17.4596996307373,0.00150000001303852,18.8791007995605,0.0307,16.2681007385254,0.00389999989420176,287.861526273,3.30960011482239,-20.4558661138,3.03169989585876,530492,0.813709404185133
539782,7168,287.26889281142,-20.41060878051,3.3561,0.0483999997377396,1.32599997520447,0.0799999982118607,-27.8640003204346,0.0670000016689301,-0.159199997782707,0.0658999979496002,0.00980000011622906,11.4679002761841,0.00039999998989515,11.8465003967285,0.0021,10.9411001205444,0.0007999999797903,287.268886721,1.23959994316101,-20.4104888094,1.04359996318817,539782,0.944365726378028
739386,17936640,287.10719799759,-20.02681259809,3.1581,0.184799998998642,-1.76199996471405,0.328000009059906,-26.4780006408691,0.27700001001358,-0.416900008916855,0.0710000023245811,0.187700003385544,16.160400390625,0.00109999999403954,17.2731990814209,0.0122,15.0727996826172,0.00499999988824129,287.107206074,5.08650016784668,-20.0266985971,4.29640007019043,739386,0.980723993540862
752083,8915584,286.60056595141,-20.21837691567,3.3575,0.140699997544289,-0.867999970912933,0.155000001192093,-25.1569995880127,0.126000002026558,-0.0445000007748604,-0.110600002110004,-0.0184000004082918,16.1485004425049,0.0019000000320375,17.1923007965088,0.0137,15.0008001327515,0.0109999999403954,286.600569936,2.40079998970032,-20.2182686027,1.95640003681183,752083,0.842998624702687
1211615,213504,291.77034522326,-19.95450227017,2.9168,0.485100001096725,-2.56800007820129,1.13800001144409,-29.6760005950928,0.851999998092651,-0.00559999980032444,-0.091899998486042,-0.165999993681908,19.2248992919922,0.00460000010207295,19.154899597168,0.0601,18.9293003082275,0.0566999986767769,291.770356986,17.6403999328613,-19.9543744994,13.2181997299194,1211615,0.884231563274958
1407037,11392,291.37245533866,-18.58365442942,3.4696,0.0456999987363815,-2.22000002861023,0.0839999988675117,-27.0330009460449,0.0700000002980232,-0.289499998092651,0.0873000025749207,0.00130000000353903,10.9381999969482,0.000300000014249235,11.2435998916626,0.0032,10.4952001571655,0.00150000001303852,291.372465424,1.3043999671936,-18.5835380356,1.08299994468689,1407037,0.991933459090501
1669801,4986880,287.23608970774,-19.72529894208,3.0587,0.0236000008881092,-0.456000000238419,0.0379999987781048,-26.0849990844727,0.0350000001490116,-0.305400013923645,0.132799997925758,0.23199999332428,13.4559001922607,0.000500000023748726,13.9989004135132,0.0021,12.777099609375,0.00179999996908009,287.236091792,0.594799995422363,-19.7251866303,0.537899971008301,1669801,0.995716349521187
1680611,4978688,287.32996009679,-19.52067503346,3.4863,0.058899998664856,0.31700000166893,0.0879999995231628,-26.2070007324219,0.0719999969005585,-0.396600008010864,0.236200004816055,0.0181000009179115,12.355899810791,0.000300000014249235,12.7625999450684,0.0022,11.8021001815796,0.00109999999403954,287.32995865,1.3639999628067,-19.5205621964,1.11989998817444,1680611,0.971162459951681
1758495,2366080,288.71969483517,-19.01751180486,3.1876,0.206200003623962,-1.34099996089935,0.646000027656555,-26.0349998474121,0.416000008583069,0.637199997901917,-0.583000004291534,-0.681999981403351,16.5848999023438,0.00139999995008111,17.9650993347168,0.014,15.4231996536255,0.00469999993219972,288.719700942,10.0200004577637,-19.0173997077,6.44980001449585,1758495,0.989038815822841
1772993,16305152,288.4351639818,-18.82651111331,3.4497,0.118600003421307,0.212999999523163,0.296999990940094,-27.3139991760254,0.187999993562698,0.754700005054474,-0.729200005531311,-0.815900027751923,15.9875001907349,0.000899999984540045,17.0312004089355,0.0071,14.9154996871948,0.00230000005103648,288.435163011,4.6100001335144,-18.8263935101,2.91810011863708,1772993,0.905532028624113
1778137,16158592,288.66550768993,-18.70488390018,3.2622,0.178000003099442,-0.10700000077486,0.257999986410141,-25.4009990692139,0.226999998092651,-0.410100013017654,0.266200006008148,0.201900005340576,17.4754009246826,0.0015999999595806,18.8759994506836,0.0336,16.2894992828369,0.00920000020414591,288.665508177,3.99920010566711,-18.7047745354,3.51530003547668,1778137,0.89058893049339
1816846,17811968,288.25026891039,-18.63075472269,3.3605,0.0305000003427267,-0.241999998688698,0.0790000036358833,-26.3190002441406,0.0560000017285347,-0.0731000006198883,-0.0355999991297722,-0.331699997186661,13.964599609375,0.00130000000353903,14.611499786377,0.0077,13.2061004638672,0.00400000018998981,288.250270008,1.22590005397797,-18.6306414061,0.862500011920929,1816846,0.974668656558063
1832534,17641216,288.27981614218,-18.44133344373,3.5009,0.186100006103516,-0.700999975204468,0.23199999332428,-26.1539993286133,0.204999998211861,-0.487800002098083,0.289099991321564,0.234099999070168,16.9934997558594,0.00170000002253801,18.3374996185303,0.0135,15.8624000549316,0.00430000014603138,288.279819326,3.6068000793457,-18.4412208349,3.17350006103516,1832534,0.970145501959245
2001197,12007296,290.25227630883,-17.82218145488,3.5638,0.0423000007867813,-1.1690000295639,0.0769999995827675,-28.2910003662109,0.061999998986721,-0.260199993848801,-0.0362000018358231,0.0920000001788139,10.9837999343872,0.00039999998989515,11.2986001968384,0.0012,10.527099609375,0.000699999975040555,290.252281596,1.19879996776581,-17.8220596468,0.959299981594086,2001197,0.988168760393592
2056690,14892416,288.57523961116,-18.44844313194,3.3266,0.023199999704957,-0.577000021934509,0.0410000011324883,-26.7549991607666,0.0370000004768372,-0.346700012683868,0.0658000037074089,0.322699993848801,13.5567998886108,0.00039999998989515,14.1070003509521,0.0016,12.8763999938965,0.00120000005699694,288.575242231,0.637600004673004,-18.4483279367,0.572300016880035,2056690,0.998806737501912
2080550,15274880,288.5334721514,-18.05782950935,3.3889,0.0487999990582466,-0.972000002861023,0.0759999975562096,-27.4449996948242,0.0670000016689301,-0.425599992275238,0.125300005078316,0.295700013637543,9.62320041656494,0.000300000014249235,9.9689998626709,0.0014,9.14540004730225,0.00179999996908009,288.533476553,1.18229997158051,-18.0577113426,1.04579997062683,2080550,0.999997853216383
2089379,15749376,289.2104857913,-18.00660019048,3.0961,0.0425000004470348,-2.46000003814697,0.0729999989271164,-27.4270000457764,0.0610000006854534,-0.206900000572205,0.0798000022768974,0.0617999993264675,12.7783002853394,0.000300000014249235,13.2700004577637,0.0015,12.1519002914429,0.0007999999797903,289.210496931,1.12600004673004,-18.0064821012,0.953299999237061,2089379,0.957894004003239
2121362,12188800,289.53911232437,-17.88065354465,3.3137,0.0401000007987022,-1.50899994373322,0.068000003695488,-26.5060005187988,0.0590000003576279,-0.449600011110306,0.0830999985337257,0.291399985551834,12.359299659729,0.000300000014249235,12.7639999389648,0.0019,11.792200088501,0.0020000000949949,289.53911915,1.05519998073578,-17.8805394205,0.913800001144409,2121362,0.999453514813099
2139390,12903296,290.10386505931,-17.57798323999,3.0386,0.0303000006824732,-1.98099994659424,0.0590000003576279,-28.0160007476807,0.0469999983906746,0.110600002110004,-0.0627000033855438,-0.0265999995172024,13.3028001785278,0.000300000014249235,13.766900062561,0.0014,12.6892004013062,0.00100000004749745,290.103874008,0.907299995422363,-17.5778626138,0.726899981498718,2139390,0.804911460827425
2190975,14395776,289.4320994172,-17.3301071123,3.2045,0.0262000001966953,-1.0460000038147,0.0450000017881393,-25.5629997253418,0.0390000008046627,-0.239399999380112,0.0284000001847744,0.159099996089935,14.0832004547119,0.000500000023748726,14.525899887085,0.0233,13.2245998382568,0.00989999994635582,289.432104135,0.693599998950958,-17.3299970473,0.607999980449677,2190975,0.990127818120797
2194617,5151488,289.65611529458,-17.21610153518,3.2495,0.0687000006437302,-0.927999973297119,0.166999995708466,-25.9769992828369,0.112000003457069,0.379299998283386,-0.253600001335144,-0.411100000143051,8.0374002456665,0.000699999975040555,8.62650012969971,5e-04,7.34649991989136,0.000500000023748726,289.656119478,2.58400011062622,-17.215989689,1.7335000038147,2194617,0.999999221428056
2197440,14700928,289.65916796253,-17.09333793527,3.3439,0.0272000003606081,-1.82700002193451,0.0489999987185001,-26.6940002441406,0.0370000004768372,-0.0640000030398369,-0.0384000018239021,-0.0945999994874001,13.124400138855,0.000300000014249235,13.6209001541138,0.0017,12.4776000976562,0.0020000000949949,289.659176194,0.75789999961853,-17.0932230016,0.571399986743927,2197440,0.996816017497983
2374110,22814976,285.59896577055,-20.60591335253,3.4834,0.0480999983847141,0.842999994754791,0.0780000016093254,-25.9659996032715,0.0520000010728836,-0.492500007152557,0.232800006866455,-0.259400010108948,13.7174997329712,0.000500000023748726,14.3137998580933,0.0022,12.9996995925903,0.00150000001303852,285.598961893,1.2121000289917,-20.6058015565,0.808799982070923,2374110,0.77434092788704
2541610,788992,286.47100534685,-19.75654373081,3.3608,0.044599998742342,0.303999990224838,0.0810000002384186,-27.7269992828369,0.0729999989271164,-0.179700002074242,0.0768999978899956,0.222200006246567,10.2678003311157,0.00039999998989515,10.6160001754761,0.0014,9.78390026092529,0.00130000000353903,286.471003957,1.25269997119904,-19.7564243513,1.13069999217987,2541610,0.999781719561036
3005882,26898304,285.26744733597,-18.52315139775,3.0798,0.0728999972343445,-2.34699988365173,0.104999996721745,-25.1509990692139,0.0890000015497208,-0.499700009822845,0.22859999537468,0.164499998092651,10.4486999511719,0.000300000014249235,10.8044996261597,0.0018,9.95199966430664,0.00179999996908009,285.267457993,1.62999999523163,-18.5230431066,1.3856999874115,3005882,0.997131718255997
3916388,2248192,286.9814985856,-19.29160756689,3.3572,0.0860999971628189,0.157000005245209,0.142000004649162,-27.5160007476807,0.0989999994635582,-0.418000012636185,0.294200003147125,-0.342500001192093,15.9231004714966,0.00139999995008111,17.0179004669189,0.0057,14.8938999176025,0.00340000004507601,286.981497867,2.20309996604919,-19.2914890937,1.53429996967316,3916388,0.824536410912919
3962717,19829760,287.05028916258,-18.90561719845,3.4574,0.0996999964118004,0.33500000834465,0.171000003814697,-25.9190006256104,0.165000006556511,-0.180800005793571,0.199000000953674,0.368800014257431,16.4969997406006,0.00130000000353903,17.6945991516113,0.0102,15.3949003219604,0.00609999988228083,287.050287638,2.64809989929199,-18.9055056028,2.55890011787415,3962717,0.813958500494907
4090813,1315072,288.16295145714,-18.1100181743,3.3069,0.0388999991118908,-0.421999990940094,0.0740000009536743,-26.6480007171631,0.0799999982118607,-0.127499997615814,0.285600006580353,0.529100000858307,15.1195001602173,0.000600000028498471,16.0149002075195,0.0028,14.1962995529175,0.00170000002253801,288.162953368,1.15069997310638,-18.1099034396,1.2451000213623,4090813,0.958835810466712
4389707,23916416,287.17522520703,-17.43100137436,3.1188,0.0478999987244606,0.0590000003576279,0.0750000029802322,-25.1690006256104,0.063000001013279,-0.444099992513657,0.100400000810623,0.198300004005432,9.97620010375977,0.00039999998989515,10.3044004440308,0.0013,9.5172004699707,0.0020000000949949,287.175224943,1.16719996929169,-17.4308930087,0.983299970626831,4389707,0.998137473497136
4507354,17339904,288.68262814679,-17.66201178671,3.32,0.0304000005125999,-0.512000024318695,0.0570000000298023,-26.8570003509521,0.0450000017881393,0.00620000017806888,-0.0103000001981854,-0.0864000022411346,13.0295000076294,0.000500000023748726,13.5038003921509,0.0022,12.414400100708,0.00139999995008111,288.68263046,0.886399984359741,-17.6618961531,0.691600024700165,4507354,0.999129734865969
4584256,19545472,288.40590001525,-17.1240621822,3.348,0.046399999409914,-0.732999980449677,0.0750000029802322,-25.496000289917,0.0700000002980232,-0.300700008869171,0.196799993515015,0.321399986743927,13.3283004760742,0.000600000028498471,13.8864002227783,0.0027,12.6382999420166,0.0015999999595806,288.40590332,1.15989995002747,-17.1239524092,1.09019994735718,4584256,0.970359572738494
4584901,19619968,288.3136097204,-17.10591589957,3.3843,0.0386000014841557,-0.532000005245209,0.0710000023245811,-27.07200050354,0.0659999996423721,-0.332599997520447,0.093699999153614,0.348800003528595,8.9128999710083,0.000300000014249235,9.50940036773682,0.0022,8.214599609375,0.00170000002253801,288.313612116,1.10130000114441,-17.1057993408,1.02769994735718,4584901,0.999962923178739
4588731,19734912,288.22000877966,-17.02961110041,3.2894,0.0255999993532896,-0.654999971389771,0.0469999983906746,-26.4559993743896,0.0410000011324883,-0.286700010299683,0.0566000007092953,0.252400010824203,13.575400352478,0.00039999998989515,14.1211004257202,0.0024,12.8984003067017,0.00150000001303852,288.22001173,0.722000002861023,-17.0294971935,0.634500026702881,4588731,0.999277836036767
4598313,14229760,289.18731733159,-17.28552388947,3.3374,0.0531999990344048,-1.86000001430511,0.0890000015497208,-27.1439990997314,0.0780000016093254,-0.503199994564056,0.0546000003814697,0.441000014543533,10.6878995895386,0.00039999998989515,10.9983997344971,0.0019,10.2392997741699,0.00109999999403954,289.18732572,1.380499958992,-17.2854070199,1.20260000228882,4598313,0.999679291867319
4598348,43008,289.20102663232,-17.27339706978,3.2636,0.0244999993592501,-0.477999985218048,0.0430000014603138,-26.2810001373291,0.0419999994337559,-0.307000011205673,0.101700000464916,0.446399986743927,13.2581996917725,0.00039999998989515,13.7578001022339,0.0017,12.6180000305176,0.0007999999797903,289.201028786,0.673200011253357,-17.2732839167,0.654699981212616,4598348,0.998485245702468
4600092,14441984,289.00709491724,-17.26588164045,3.404,0.0719999969005585,-1.38300001621246,0.111000001430511,-26.7810001373291,0.0939999967813492,-0.346700012683868,0.178399994969368,0.185100004076958,16.2721996307373,0.00100000004749745,17.4274005889893,0.0092,15.2067003250122,0.00350000010803342,289.007101152,1.72370004653931,-17.2657663337,1.4592000246048,4600092,0.994750115433676
4601000,14339968,289.15303981456,-17.21960036466,3.252,0.0381000004708767,-0.617999970912933,0.0689999982714653,-25.9349994659424,0.061999998986721,-0.302599996328354,0.0447999984025955,0.334300011396408,12.0907001495361,0.000199999994947575,12.4567003250122,0.0018,11.5743999481201,0.000899999984540045,289.1530426,1.07039999961853,-17.219488698,0.954299986362457,4601000,0.998847683809634
4606117,14740480,288.71010285762,-17.28222732905,3.0603,0.123099997639656,-1.23599994182587,0.210999995470047,-26.3799991607666,0.200000002980232,-0.323300004005432,0.124300003051758,0.459899991750717,17.4284000396729,0.00150000001303852,18.8544998168945,0.0187,16.2467994689941,0.00240000011399388,288.710108433,3.27209997177124,-17.2821137472,3.10380005836487,4606117,0.990009326692189
4610629,35968,288.99635581569,-17.13436302908,3.3036,0.0480000004172325,-1.03799998760223,0.0769999995827675,-25.8540000915527,0.0599999986588955,-0.476200014352798,0.144899994134903,0.122400000691414,11.8593997955322,0.000199999994947575,12.2791996002197,9e-04,11.2952003479004,0.000899999984540045,288.996360493,1.1878000497818,-17.1342517153,0.937799990177155,4610629,0.998267363167146
4620327,31104,289.26428891036,-17.05393680026,3.2907,0.0676999986171722,-1.36500000953674,0.108000002801418,-26.5230007171631,0.0930000022053719,-0.333700001239777,-0.00570000009611249,0.328399986028671,8.02789974212646,0.00039999998989515,8.61989974975586,0.0014,7.33739995956421,0.00260000000707805,289.264295056,1.67120003700256,-17.0538226045,1.44749999046326,4620327,0.999999556186995
4620545,31872,289.36274735765,-17.06323152511,3.1952,0.0339000001549721,-1.14900004863739,0.063000001013279,-25.6639995574951,0.0509999990463257,0.165399998426437,-0.311100006103516,-0.228900000452995,13.0324001312256,0.000500000023748726,13.4982995986938,0.0016,12.4216995239258,0.00120000005699694,289.362752533,0.977800011634827,-17.0631210253,0.793699979782104,4620545,0.998390954409315
4625025,15377536,289.39757102624,-16.99958104786,3.0319,0.0516999997198582,-1.84200000762939,0.111000001430511,-25.6639995574951,0.0799999982118607,0.314200013875961,-0.385399997234344,-0.381000012159348,13.5600996017456,0.000699999975040555,14.1226997375488,0.0021,12.8669996261597,0.00260000000707805,289.397579321,1.71340000629425,-16.9994705488,1.2367000579834,4625025,0.840631837909047
4625803,1028608,289.37918015536,-16.95455266106,3.2982,0.0887999981641769,-1.36899995803833,0.186000004410744,-26.4680004119873,0.131999999284744,0.236100003123283,-0.212699994444847,-0.260699987411499,16.2387008666992,0.00130000000353903,17.3831005096436,0.0082,15.180100440979,0.0059000002220273,289.379186317,2.88689994812012,-16.9544386995,2.04990005493164,4625803,0.996721865395293
4627950,15218560,289.14687006077,-17.08556077656,3.3113,0.0375999994575977,-1.2849999666214,0.068000003695488,-25.9160003662109,0.0579999983310699,-0.0549000017344952,0.0186999998986721,0.0790000036358833,10.4899997711182,0.000199999994947575,10.8128004074097,0.001,10.0285997390747,0.00109999999403954,289.146875847,1.04980003833771,-17.0854491949,0.899699985980988,4627950,0.99994296667147
4628294,15213056,289.22822761593,-17.03704154134,3.3448,0.043699998408556,-1.15900003910065,0.0799999982118607,-26.8199996948242,0.0689999982714653,-0.145300000905991,-0.015599999576807,0.139899998903275,10.306300163269,0.000500000023748726,10.6106996536255,9e-04,9.86979961395264,0.00109999999403954,289.228232834,1.24210000038147,-17.0369260656,1.06690001487732,4628294,0.999977226658679
4634617,18432,289.39179551308,-16.87172666524,3.2506,0.0489000007510185,-0.41100001335144,0.0979999974370003,-27.2889995574951,0.0829999968409538,-0.100900001823902,-0.0443000011146069,0.228000000119209,12.3563003540039,0.000699999975040555,12.7608003616333,0.0032,11.7968997955322,0.00240000011399388,289.391797362,1.52559995651245,-16.8716091705,1.28910005092621,4634617,0.999205213229794
4637531,15621376,289.28981118166,-16.83178015143,3.4538,0.0974999964237213,-0.280000001192093,0.256999999284744,-27.4029998779297,0.162000000476837,0.695500016212463,-0.668500006198883,-0.799700021743774,11.4755001068115,0.000300000014249235,11.8434000015259,0.0033,10.9559001922607,0.00170000002253801,289.28981244,3.98530006408691,-16.8316621679,2.50839996337891,4637531,0.998497822580251
4639110,15494912,289.37171610146,-16.74668915464,3.2898,0.0294000003486872,-1.52199995517731,0.0480000004172325,-26.2110004425049,0.0410000011324883,-0.278499990701675,0.154599994421005,0.0575999990105629,13.0408000946045,0.00209999992512167,13.5475997924805,0.0071,12.3866996765137,0.00389999989420176,289.371722943,0.749199986457825,-16.7465763036,0.628400027751923,4639110,0.998390098440514
4647422,15857280,288.80248664572,-17.08682800633,3.394,0.0586999990046024,-1.125,0.096000000834465,-26.8619995117188,0.0769999995827675,-0.506600022315979,0.200499996542931,0.147400006651878,10.9112997055054,0.00039999998989515,11.2180995941162,0.001,10.4617004394531,0.000899999984540045,288.802491713,1.48979997634888,-17.0867123491,1.19869995117188,4647422,0.999870073281919
4647446,15832320,288.83374127289,-17.08449859825,3.1981,0.0326999984681606,-1.42599999904633,0.0520000010728836,-25.3439998626709,0.0500000007450581,-0.393999993801117,0.202500000596046,0.379099994897842,13.6085996627808,0.000500000023748726,14.1583003997803,0.0019,12.9324998855591,0.00139999995008111,288.833747696,0.811800003051758,-17.08438948,0.769699990749359,4647446,0.988329357395481
4651374,16016128,288.78583380015,-16.96160100702,3.2668,0.0571999996900558,-1.11099994182587,0.0839999988675117,-26.1389999389648,0.0689999982714653,-0.544200003147125,0.195299997925758,0.193399995565414,10.5110998153687,0.00039999998989515,10.8311996459961,0.0012,10.0565004348755,0.00150000001303852,288.785838801,1.29879999160767,-16.9614884644,1.0683000087738,4651374,0.99998199151617
4653068,3546112,288.89074370896,-16.88044646679,3.3167,0.378100007772446,-1.46300005912781,0.649999976158142,-25.7999992370605,0.607999980449677,-0.310000002384186,0.101700000464916,0.453000009059906,18.8360996246338,0.00430000014603138,18.7954006195068,0.0187,18.9624004364014,0.066100001335144,288.89075029,10.0811004638672,-16.8803353816,9.42529964447021,4653068,0.999995676059679
4653331,16067840,288.85274632016,-16.85631623895,3.3107,0.0399000011384487,-0.651000022888184,0.0719999969005585,-26.7600002288818,0.0640000030398369,-0.220400005578995,-0.00350000010803342,0.268500000238419,11.3243999481201,0.000699999975040555,11.6996002197266,0.0028,10.8015003204346,0.00139999995008111,288.852749251,1.1172000169754,-16.8562010223,0.991400003433228,4653331,0.999842303569103
4656471,16244096,288.55541160721,-16.96842430649,3.4981,0.179499998688698,-0.954999983310699,0.232999995350838,-26.1469993591309,0.195999994874001,-0.485199987888336,0.229100003838539,0.184900000691414,17.6147994995117,0.00150000001303852,19.0137004852295,0.0143,16.4237995147705,0.00579999992623925,288.555415905,3.61310005187988,-16.9683117295,3.04089999198914,4656471,0.972364864439615
4661522,16477824,288.45074260802,-16.83516725625,3.2311,0.0531000010669231,-0.792999982833862,0.0860000029206276,-26.5750007629395,0.0719999969005585,-0.529500007629395,0.156499996781349,0.264099985361099,9.0487003326416,0.000699999975040555,9.55539989471436,0.0023,8.42560005187988,0.00279999990016222,288.450746175,1.33080005645752,-16.8350528363,1.12100005149841,4661522,0.999999190173582
4663600,16202240,288.74333445419,-16.83595131538,3.2337,0.0467999987304211,-1.03699994087219,0.0759999975562096,-26.5540008544922,0.0750000029802322,-0.308200001716614,0.155200004577637,0.389299988746643,10.8660001754761,0.00039999998989515,11.1775999069214,0.0011,10.4147996902466,0.0007999999797903,288.743339121,1.18570005893707,-16.8358369847,1.16100001335144,4663600,0.999971419418244
4667846,16394368,288.69087175977,-16.6980402976,3.1227,0.132100000977516,-0.344999998807907,0.241999998688698,-26.7189998626709,0.199000000953674,0.0603000000119209,-0.118400000035763,0.0719000026583672,17.3633003234863,0.00139999995008111,18.6660003662109,0.0573,16.1965007781982,0.0124000003561378,288.69087331,3.7558000087738,-16.6979252555,3.08719992637634,4667846,0.974050132885096
4668590,16444800,288.64170902598,-16.69166634252,3.2667,0.0265999995172024,-1.17499995231628,0.0500000007450581,-26.7859992980957,0.0419999994337559,-0.147499993443489,0.0307000000029802,0.137799993157387,14.1787004470825,0.000600000028498471,14.8067998886108,0.0063,13.4042997360229,0.00439999997615814,288.641714309,0.774500012397766,-16.6915510156,0.659099996089935,4668590,0.998061919658856
4669578,18816,289.0218063522,-16.88237601632,3.2935,0.0357000008225441,-0.611000001430511,0.0719999969005585,-26.4890003204346,0.0610000006854534,-0.18809999525547,-0.0105999996885657,0.143700003623962,11.4505996704102,0.00039999998989515,11.7797002792358,0.0016,10.9742002487183,0.00130000000353903,289.021809102,1.10969996452332,-16.8822619682,0.947099983692169,4669578,0.999775825944197
4674284,17297792,288.97403973677,-16.74128364473,3.2066,0.0868000015616417,-1.08299994468689,0.216999992728233,-26.0520000457764,0.143999993801117,0.700999975204468,-0.695900022983551,-0.738099992275238,11.538200378418,0.000300000014249235,11.9267997741699,0.0016,11.0040998458862,0.00120000005699694,288.974044605,3.37039995193481,-16.7411714782,2.23020005226135,4674284,0.999711026324841
4677993,17017728,289.20732099771,-16.64949802414,3.1916,0.0412000007927418,-0.63400000333786,0.0759999975562096,-26.2129993438721,0.0640000030398369,-0.304300010204315,0.160600006580353,0.0943000018596649,14.940899848938,0.000500000023748726,15.7621002197266,0.0049,14.061900138855,0.00209999992512167,289.207323848,1.17809998989105,-16.6493851644,0.985199987888336,4677993,0.984392592415356
4678398,17007872,289.27008067468,-16.6147212879,3.3016,0.0463000014424324,-1.25999999046326,0.0850000008940697,-26.423999786377,0.0689999982714653,-0.273099988698959,0.0209999997168779,0.063000001013279,10.316499710083,0.000699999975040555,10.6386995315552,9e-04,9.85739994049072,0.00120000005699694,289.270086336,1.32410001754761,-16.6146075189,1.07550001144409,4678398,0.999989772722573
4678611,3968,289.24754047237,-16.59097749323,3.2785,0.0406999997794628,-1.23800003528595,0.0790000036358833,-25.7329998016357,0.0659999996423721,-0.233999997377396,0.00680000009015203,0.0665000006556511,12.4194002151489,0.000500000023748726,12.8277997970581,0.0028,11.8639001846313,0.0015999999595806,289.247546035,1.21749997138977,-16.5908667004,1.0168000459671,4678611,0.998467389855501
4680773,17048192,289.19061493931,-16.58974831484,3.2629,0.050500001758337,-1.13699996471405,0.0860000029206276,-26.4309997558594,0.0689999982714653,-0.311800003051758,0.0489999987185001,0.0287999995052814,9.02050018310547,0.000300000014249235,9.61639976501465,0.0013,8.32059955596924,0.0015999999595806,289.190620045,1.32669997215271,-16.5896345155,1.06700003147125,4680773,0.999990408644346
4684746,6784,288.82903888419,-16.6569038343,3.2161,0.0509000010788441,-2.16599988937378,0.0900000035762787,-25.4839992523193,0.0729999989271164,0.18129999935627,-0.199100002646446,-0.147900000214577,11.4322996139526,0.00039999998989515,11.7536001205444,0.0022,10.9616003036499,0.000899999984540045,288.829048618,1.40069997310638,-16.6567941101,1.13619995117188,4684746,0.994335049818128
4685343,17160064,288.89720891974,-16.57005248553,3.2768,0.122000001370907,-0.477999985218048,0.212999999523163,-27.0219993591309,0.140000000596046,0.652899980545044,-0.618499994277954,-0.696399986743927,12.7102003097534,0.00430000014603138,13.2976999282837,0.0324,12.0338001251221,0.0105999996885657,288.897211067,3.30060005187988,-16.5699361402,2.17030000686646,4685343,0.996645478843578
4687634,11333120,288.8833227291,-16.5764658838,3.1443,0.0819000005722046,-1.0440000295639,0.232999995350838,-25.7509994506836,0.145999997854233,0.695599973201752,-0.664200007915497,-0.807900011539459,15.2333002090454,0.000500000023748726,16.0809993743896,0.0064,14.1395998001099,0.030799999833107,288.883327421,3.60450005531311,-16.5763550114,2.26670002937317,4687634,0.957384420227276
4689917,17156096,288.92787610477,-16.55153156199,3.3879,0.0697000026702881,-0.707000017166138,0.157000005245209,-26.7169990539551,0.104000002145767,0.420199990272522,-0.327800005674362,-0.491800010204315,11.3872995376587,0.000500000023748726,11.710599899292,0.0016,10.9132995605469,0.0020000000949949,288.92787928,2.4400999546051,-16.551416532,1.61749994754791,4689917,0.999506765090435
4690536,17104256,289.10420222698,-16.53398303809,4.048,1.0194000005722,-0.643999993801117,1.72500002384186,-26.8050003051758,1.58899998664856,-0.527400016784668,-0.124899998307228,0.260600000619888,11.6831998825073,0.000699999975040555,12.1204996109009,0.0018,11.0924997329712,0.000899999984540045,289.104205118,26.7544002532959,-16.5338676264,24.6518001556396,4690536,0.934419256241734
4690879,17112320,289.12250433821,-16.49680466966,3.1574,0.0535000003874302,-1.56500005722046,0.0949999988079071,-27.7630004882812,0.0750000029802322,-0.148399993777275,0.0116999996826053,0.0107000004500151,11.1794996261597,0.000899999984540045,11.4697999954224,0.0018,10.7427997589111,0.000899999984540045,289.122511366,1.47780001163483,-16.4966851352,1.16180002689362,4690879,0.995181207614111
4691282,17144704,289.02456172485,-16.49681905092,3.2532,0.0590999983251095,-1.14499998092651,0.0930000022053719,-26.5400009155273,0.0790000036358833,-0.378199994564056,0.209900006651878,0.0474000014364719,12.414400100708,0.00039999998989515,12.9069995880127,0.002,11.7848997116089,0.0019000000320375,289.024566864,1.44430005550385,-16.4967047825,1.21860003471375,4691282,0.999423597818648
4691445,17147776,289.02407998646,-16.48979907434,3.2081,0.032200001180172,-0.996999979019165,0.0710000023245811,-26.0270004272461,0.0520000010728836,-0.153699994087219,0.0829999968409538,-0.419900000095367,13.038200378418,0.00100000004749745,13.507399559021,0.0036,12.4258003234863,0.00219999998807907,289.024084461,1.09940004348755,-16.4896870138,0.801699995994568,4691445,0.999486660618335
4693502,5067776,288.85982125757,-16.45398543358,2.9077,0.396899998188019,0.190999999642372,0.652999997138977,-25.5799999237061,0.492000013589859,-0.134200006723404,0.0573999993503094,-0.110399998724461,17.2893009185791,0.00270000007003546,18.74880027771,0.0378,16.0389995574951,0.00899999961256981,288.8598204,10.131799697876,-16.4538752984,7.63119983673096,4693502,0.782580916225943
4693599,5089536,288.88975921358,-16.42702493956,3.1707,0.0848999992012978,-1.26400005817413,0.166999995708466,-27.7320003509521,0.127000004053116,-0.345800012350082,0.137899994850159,-0.203899994492531,14.4549999237061,0.00039999998989515,15.2174997329712,0.0046,13.6124000549316,0.0015999999595806,288.889764886,2.58529996871948,-16.4269055391,1.97479999065399,4693599,0.833150522484319
4694894,17218432,288.93797658902,-16.38782669901,3.1959,0.0445000007748604,-1.35000002384186,0.0850000008940697,-26.5580005645752,0.061999998986721,-0.152500003576279,0.0428000018000603,-0.215599998831749,11.6451997756958,0.000300000014249235,11.9911003112793,0.0026,11.1513996124268,0.00120000005699694,288.937982649,1.31299996376038,-16.3877123536,0.963199973106384,4694894,0.999737469928056
4732749,2850560,287.84711991327,-17.15704645669,3.192,0.0384999997913837,-0.263999998569489,0.0729999989271164,-26.4080009460449,0.0540000014007092,0.327600002288818,-0.365200012922287,-0.29559999704361,13.6199998855591,0.000600000028498471,14.1690998077393,0.0053,12.9371995925903,0.00150000001303852,287.847121101,1.13209998607635,-17.1569327547,0.833700001239777,4732749,0.998245644939355
4749312,4433792,287.62172166074,-16.9565772135,3.0061,0.230000004172325,-1.55900001525879,0.430000007152557,-27.6100006103516,0.358000010251999,0.029899999499321,-0.125,0.207699999213219,12.875599861145,0.000699999975040555,13.3829002380371,0.0018,12.220100402832,0.00100000004749745,287.621728676,6.67000007629395,-16.9564583376,5.55670022964478,4749312,0.979037880317781
4834007,16780800,288.43059653787,-16.81984817895,3.1944,0.0954999998211861,-0.695999979972839,0.108000002801418,-25.7369995117188,0.0780000016093254,-0.711199998855591,0.341399997472763,-0.0184000004082918,12.275899887085,0.000199999994947575,12.6675996780396,0.0018,11.7356996536255,0.00109999999403954,288.430599671,1.68060004711151,-16.8197373671,1.20340001583099,4834007,0.999023560146835
4859761,17443968,288.15774958834,-16.46783841011,3.1963,0.0256999991834164,-0.601000010967255,0.046000000089407,-26.32200050354,0.0379999987781048,-0.400099992752075,0.104000002145767,0.194199994206429,13.0329999923706,0.0007999999797903,13.5099000930786,0.0025,12.4067001342773,0.00130000000353903,288.157752285,0.720600008964539,-16.4677250807,0.592899978160858,4859761,0.999533642853941
4866993,17793152,288.47903551342,-16.48218213409,3.2241,0.0386000014841557,-0.261000007390976,0.0689999982714653,-26.6229991912842,0.0610000006854534,-0.223600000143051,-0.0199999995529652,0.264899998903275,12.7867002487183,0.000300000014249235,13.229700088501,0.0014,12.1967000961304,0.0007999999797903,288.479036686,1.07780003547668,-16.4820675064,0.942099988460541,4866993,0.998829960984418
4871374,18028160,288.88677116137,-16.34425496276,3.2328,0.0487999990582466,-0.481000006198883,0.090999998152256,-26.8939990997314,0.0759999975562096,-0.26120001077652,0.132599994540215,-0.0164000000804663,10.0993003845215,0.00109999999403954,10.4540004730225,0.0011,9.61950016021729,0.00139999995008111,288.88677332,1.41369998455048,-16.3441391704,1.17190003395081,4871374,0.999995256366906
4871831,18033408,288.85026979558,-16.3645601486,3.1924,0.0417000018060207,-0.745999991893768,0.0769999995827675,-26.4990005493164,0.061999998986721,-0.280600011348724,0.182799994945526,-0.0810000002384186,11.6073999404907,0.000300000014249235,11.9523000717163,0.0025,11.1168003082275,0.00150000001303852,288.850273144,1.19589996337891,-16.3644460553,0.968500018119812,4871831,0.999858959149695
4872062,18055296,288.81419651903,-16.33113109918,3.0705,0.0522000007331371,-0.890999972820282,0.195999994874001,-26.3059997558594,0.128000006079674,-0.374000012874603,0.288500010967255,-0.741900026798248,10.3449001312256,0.000600000028498471,10.6926002502441,0.0012,9.85869979858398,0.00100000004749745,288.814200516,3.04310011863708,-16.3310178372,1.98409998416901,4872062,0.99997523341985
4873884,1776000,288.66872538821,-16.3096731401,3.1572,0.0304000005125999,-0.721000015735626,0.0509999990463257,-26.0779991149902,0.0430000014603138,-0.227300003170967,0.0746999979019165,0.0808999985456467,13.5201997756958,0.000500000023748726,14.0555000305176,0.0018,12.8480997085571,0.00139999995008111,288.668728622,0.790899991989136,-16.3095608594,0.668900012969971,4873884,0.999288890140859
4875462,6656,288.75213025214,-16.24025692273,3.1756,0.0568999983370304,-0.915000021457672,0.136999994516373,-27.0300006866455,0.101000003516674,-0.150600001215935,-0.0913999974727631,-0.38960000872612,11.3222999572754,0.000500000023748726,11.7025003433228,0.0022,10.7940998077393,0.00139999995008111,288.752134356,2.11739993095398,-16.2401405422,1.57270002365112,4875462,0.999767419706876
4878086,1360256,288.54983899993,-16.3609280666,3.0825,0.127000004053116,-1.69500005245209,0.266000002622604,-26.8689994812012,0.188999995589256,0.2533999979496,-0.277500003576279,-0.386599987745285,16.5890007019043,0.00150000001303852,18.0391006469727,0.0213,15.4028997421265,0.00249999994412065,288.549846604,4.12729978561401,-16.3608123786,2.92429995536804,4878086,0.989993279894378
4878333,523904,288.61734463576,-16.33409926001,3.175,0.0966000035405159,-0.90200001001358,0.256999999284744,-26.6879997253418,0.162000000476837,0.731199979782104,-0.654699981212616,-0.693599998950958,12.1773996353149,0.000199999994947575,12.5662002563477,0.0018,11.6406002044678,0.00109999999403954,288.617348684,3.978600025177,-16.3339843555,2.50979995727539,4878333,0.999596515527487
4878852,1645696,288.53237457567,-16.32591063558,2.885,0.268400013446808,-1.57000005245209,0.361999988555908,-26.4270000457764,0.261999994516373,0.254799991846085,-0.351099997758865,-0.354099988937378,17.3304996490479,0.00230000005103648,18.7600002288818,0.0419,16.1657009124756,0.00760000012814999,288.532381618,5.6100001335144,-16.3257968515,4.06069993972778,4878852,0.968126182714921
4880998,18231296,288.37955155349,-16.31126410887,3.2042,0.0313999988138676,-0.580999970436096,0.0610000006854534,-26.3110008239746,0.0500000007450581,0.203999996185303,-0.261900007724762,-0.203099995851517,13.3239002227783,0.00249999994412065,13.8891000747681,0.0089,12.6175003051758,0.00669999979436398,288.379554159,0.947799980640411,-16.3111508268,0.775200009346008,4880998,0.998554116465701
4881182,17986944,288.38396364004,-16.28680727961,3.3611,0.0957999974489212,-0.474000006914139,0.189999997615814,-27.3980007171631,0.12899999320507,0.26350000500679,-0.262899994850159,-0.432700008153915,16.2220993041992,0.00109999999403954,17.3766994476318,0.0095,15.1702003479004,0.00260000000707805,288.383965768,2.93989992141724,-16.2866893141,2.00799989700317,4881182,0.990834995499613
4889486,510720,288.61049447684,-16.10959291436,3.3224,0.0542000010609627,-0.597000002861023,0.0900000035762787,-26.6870002746582,0.0729999989271164,-0.3158999979496,0.1841000020504,-0.0778999999165535,10.3049001693726,0.000500000023748726,10.6448001861572,0.0013,9.82649993896484,0.000699999975040555,288.610497152,1.39390003681183,-16.1094780121,1.1385999917984,4889486,0.99999067630915
4891790,5750656,287.94713572695,-16.54695591224,3.2355,0.0469999983906746,-0.486000001430511,0.0759999975562096,-26.5790004730225,0.068000003695488,-0.431300014257431,0.102200001478195,0.325100004673004,11.003999710083,0.000899999984540045,11.3240003585815,0.0016,10.5496997833252,0.000899999984540045,287.947137911,1.18099999427795,-16.5468414736,1.05589997768402,4891790,0.999936947611923
4923236,519680,288.31422379608,-16.27020729968,3.3844,0.0560999996960163,-0.356000006198883,0.101000003516674,-26.6429996490479,0.0820000022649765,0.096000000834465,-0.228200003504753,-0.18189999461174,10.4674997329712,0.000600000028498471,10.7811002731323,0.0013,10.0186996459961,0.000600000028498471,288.314225392,1.57050001621246,-16.2700925887,1.26629996299744,4923236,0.999866439259558
4923955,4241024,288.21861212648,-16.24321541931,3.2145,0.324099987745285,-1.36199998855591,0.632000029087067,-27.1159992218018,0.521000027656555,-0.336699992418289,-0.103200003504753,0.307399988174438,18.9829006195068,0.00460000010207295,18.888599395752,0.0464,18.9521999359131,0.0549999997019768,288.218618236,9.80819988250732,-16.2430986699,8.08559989929199,4923955,0.999998125649684
4925221,513664,288.42194412839,-16.17238191945,3.2673,0.0851000025868416,-2.41300010681152,0.24099999666214,-26.0550003051758,0.158000007271767,0.625,-0.649999976158142,-0.796299993991852,11.8133001327515,0.000300000014249235,12.1948003768921,0.0018,11.2748003005981,0.0015999999595806,288.421954948,3.73020005226135,-16.1722697384,2.44519996643066,4925221,0.980404365223875
4936749,20191104,288.4335316952,-15.93551363106,3.4429,0.180500000715256,-1.02699995040894,0.273999989032745,-26.1350002288818,0.230000004172325,-0.346300005912781,0.11429999768734,0.180600002408028,17.5132007598877,0.00419999985024333,18.9584999084473,0.0464,16.3015003204346,0.0184000004082918,288.433536292,4.25099992752075,-15.9354011064,3.57480001449585,4936749,0.986376255789339
5052678,3350528,285.4000450816,-17.62082508247,3.0664,0.19930000603199,-1.15900003910065,0.312000006437302,-27.7269992828369,0.300000011920929,-0.16329999268055,0.217399999499321,0.292400002479553,17.6590003967285,0.0019000000320375,19.0510997772217,0.0418,16.4878997802734,0.0103000001981854,285.400050318,4.84130001068115,-17.6207057004,4.65549993515015,5052678,0.89432879296928
5715532,2953344,286.88569587869,-16.53625501322,3.3577,0.0631000027060509,-0.637000024318695,0.0939999967813492,-27.5030002593994,0.0820000022649765,-0.284099996089935,0.0930000022053719,0.279199987649918,14.7504997253418,0.00289999996311963,15.7473001480103,0.0111,13.7617998123169,0.00630000000819564,286.885698739,1.45899999141693,-16.5361365979,1.27890002727509,5715532,0.923742964144721
5758594,24560128,287.27174140354,-16.10455517398,3.1852,0.0373999997973442,-0.615000009536743,0.0640000030398369,-26.6200008392334,0.0590000003576279,-0.359699994325638,0.092799998819828,0.298500001430511,12.7847995758057,0.000199999994947575,13.2409000396729,0.0017,12.1849002838135,0.00100000004749745,287.27174416,0.990599989891052,-16.1044405616,0.916599988937378,5758594,0.999479950585788
5820295,7891456,286.98271486384,-15.96215284453,3.0605,0.0342000015079975,-0.0920000001788139,0.0570000000298023,-25.9169998168945,0.0500000007450581,-0.355399996042252,0.0866999998688698,0.133399993181229,13.5971002578735,0.00039999998989515,14.1322002410889,0.0012,12.9308996200562,0.00130000000353903,286.982715274,0.882300019264221,-15.962041257,0.769699990749359,5820295,0.992634223535184
5859194,7296,287.76305425003,-15.93230590015,3.1171,0.0408999994397163,-1.99699997901917,0.0780000016093254,-27.136999130249,0.0670000016689301,-0.284000009298325,0.063400000333786,0.145600005984306,12.1953001022339,0.000199999994947575,12.6119003295898,0.0022,11.6281995773315,0.0020000000949949,287.76306319,1.20819997787476,-15.9321890615,1.03709995746613,5859194,0.99488666831185
8467359,10130560,283.21293713819,-15.17827814097,3.2979,0.161500006914139,0.317999988794327,0.266999989748001,-25.8980007171631,0.241999998688698,-0.26129999756813,0.0337000004947186,0.293599992990494,16.7103004455566,0.00419999985024333,18.0368995666504,0.0257,15.5090999603271,0.00549999997019768,283.212935718,4.14790010452271,-15.1781666375,3.76110005378723,8467359,0.861202303895176
9330973,7000576,293.29754699383,-18.30703367471,2.9642,0.132499992847443,-0.610000014305115,0.219999998807907,-25.7119998931885,0.178000003099442,-0.234099999070168,-0.0116999996826053,0.132200002670288,17.5118007659912,0.00150000001303852,18.9997997283936,0.0312,16.3157005310059,0.0063999998383224,293.297549762,3.40790009498596,-18.3069229684,2.76510000228882,9330973,0.95343524005277
9338093,6909696,293.59973337493,-18.17726856298,3.0364,0.0724999979138374,-0.296999990940094,0.128000006079674,-26.4990005493164,0.115000002086163,-0.372299998998642,0.0162000004202127,0.436300009489059,16.736400604248,0.00109999999403954,17.9596996307373,0.0201,15.6399002075195,0.0044999998062849,293.599734719,1.98720002174377,-18.1771544714,1.78939998149872,9338093,0.961143081860648
9580978,3263104,293.94867529566,-16.96625212321,3.1197,0.0232999995350838,-2.30699992179871,0.0430000014603138,-26.5330009460449,0.0410000011324883,-0.316799998283386,0.0511999987065792,0.456299990415573,13.7199001312256,0.00039999998989515,14.2552003860474,0.0032,13.0504999160767,0.00130000000353903,293.94868568,0.672299981117249,-16.966137884,0.634400010108948,9580978,0.98591411399455
9743700,9694976,290.63615447069,-17.69415921171,3.2701,0.0562000013887882,-2.09500002861023,0.0890000015497208,-26.1900005340576,0.0759999975562096,-0.335500001907349,0.1942999958992,0.0623999983072281,10.7434997558594,0.00039999998989515,11.0552997589111,0.0021,10.2950000762939,0.00120000005699694,290.636163938,1.38129997253418,-17.6940464492,1.1710000038147,9743700,0.999147860244331
9905695,11593344,289.89555944449,-16.798109772,3.2197,0.0785999968647957,-1.64499998092651,0.128000006079674,-26.3819999694824,0.118000000715256,-0.366200000047684,0.173099994659424,0.357400000095367,16.0037994384766,0.00109999999403954,17.2586002349854,0.0077,14.9026002883911,0.00400000018998981,289.895566843,1.98109996318817,-16.7979961823,1.8231999874115,9905695,0.989619469190282
9922195,12638976,290.12832060473,-16.56864428859,3.4585,0.185399994254112,-0.512000024318695,0.356000006198883,-26.6439990997314,0.340999990701675,-0.0798999965190887,0.149599999189377,0.235599994659424,16.1914005279541,0.00120000005699694,17.468900680542,0.0137,15.0401000976562,0.0020000000949949,290.128322905,5.51630020141602,-16.5685295727,5.28140020370483,9922195,0.980067872359633
10167151,2100352,291.31688805497,-15.61234854599,2.7157,0.432399988174438,2.61899995803833,0.800000011920929,-24.0890007019043,0.744000017642975,-0.13459999859333,0.0872000008821487,0.321700006723404,19.3127002716064,0.0052000000141561,19.3372001647949,0.056,19.1569995880127,0.0864000022411346,291.316876347,12.4003000259399,-15.612244831,11.5350999832153,10167151,0.914700210198482
10570119,12693632,289.74258121098,-16.80608846452,3.5436,0.530399978160858,-1.9099999666214,0.778999984264374,-27.0349998474121,0.720000028610229,-0.440100014209747,0.114500001072884,0.447100013494492,19.4148998260498,0.00529999984428287,19.4712009429932,0.0406,19.4319000244141,0.11710000038147,289.742589802,12.0874004364014,-16.8059720653,11.1597995758057,10570119,0.999995358513995
10571860,12809728,289.59243361525,-16.78991209294,3.1632,0.0306000001728535,-0.60699999332428,0.0480000004172325,-26.5729999542236,0.0379999987781048,-0.42629998922348,0.125,0.132499992847443,13.171199798584,0.000600000028498471,13.6500997543335,0.0034,12.5445003509521,0.00150000001303852,289.592436346,0.736899971961975,-16.7897976822,0.586000025272369,10571860,0.99935012619209
10579524,12863104,289.52235206212,-16.77897571164,3.2937,0.0487999990582466,-1.21899998188019,0.0780000016093254,-26.1630001068115,0.061999998986721,-0.389099985361099,0.0205000005662441,0.143999993801117,12.7845001220703,0.00230000005103648,13.3458995819092,0.0084,12.1050996780396,0.00719999987632036,289.522357546,1.2039999961853,-16.7788630652,0.968200027942657,10579524,0.998082498048307
10583208,13020032,289.46024900462,-16.62402332999,3.3069,0.0467999987304211,-1.19500005245209,0.0710000023245811,-26.0470008850098,0.0640000030398369,-0.376800000667572,0.180800005793571,0.247400000691414,15.375,0.000600000028498471,16.3045997619629,0.0069,14.4275999069214,0.0019000000320375,289.460254374,1.10080003738403,-16.6239111852,0.985899984836578,10583208,0.953914660213239
10583865,2042752,289.41380697067,-16.60979111562,3.3311,0.0509000010788441,0.541999995708466,0.0759999975562096,-25.4570007324219,0.0689999982714653,-0.414299994707108,0.198400005698204,0.251599997282028,10.0836000442505,0.000500000023748726,10.4420003890991,0.0013,9.59549999237061,0.0019000000320375,289.413804533,1.18229997158051,-16.609681508,1.06930005550385,10583865,0.998079552562697
10584288,13008256,289.50228910191,-16.60058727048,3.1797,0.060199998319149,-0.916000008583069,0.0820000022649765,-26.931999206543,0.0700000002980232,-0.457199990749359,0.261500000953674,0.065200001001358,10.4114999771118,0.00039999998989515,10.7301998138428,0.0014,9.9556999206543,0.00109999999403954,289.502293219,1.27680003643036,-16.600471312,1.08239996433258,10584288,0.999989181775081
10589555,1584640,289.54814531581,-16.48737607476,3.2067,0.0441999994218349,-1.05499994754791,0.0740000009536743,-26.2959995269775,0.061999998986721,-0.36710000038147,0.158899992704391,0.153200000524521,10.3694000244141,0.000500000023748726,10.6906003952026,0.001,9.91450023651123,0.00120000005699694,289.548150052,1.14530003070831,-16.4872628556,0.966499984264374,10589555,0.999991775189061
10611355,13696640,289.98382153736,-16.16118839376,3.2636,0.0414999984204769,-1.54200005531311,0.0799999982118607,-26.951000213623,0.0599999986588955,0.201900005340576,-0.38740000128746,-0.23649999499321,13.8880996704102,0.000600000028498471,14.4928998947144,0.0027,13.1511001586914,0.00120000005699694,289.983828452,1.24689996242523,-16.1610723547,0.926999986171722,10611355,0.99637089591022
10611827,2618624,289.95335415676,-16.14644320066,3.1438,0.102099999785423,-1.63100004196167,0.210999995470047,-26.7210006713867,0.158000007271767,0.199200004339218,-0.289200007915497,-0.165800005197525,16.4391002655029,0.00139999995008111,17.6422996520996,0.0126,15.3545999526978,0.0031999999191612,289.953361469,3.27950000762939,-16.1463281528,2.45280003547668,10611827,0.990351717687987
10616909,2913792,289.24891760164,-16.52256351929,2.8745,0.29229998588562,-0.479000002145767,0.416999995708466,-27.1429996490479,0.35699999332428,-0.371800005435944,0.0581000000238419,0.32260000705719,18.6881008148193,0.00350000010803342,18.637300491333,0.0304,18.632999420166,0.0487999990582466,289.248919754,6.46770000457764,-16.5224466517,5.53329992294312,10616909,0.999993692065497
10617936,14169600,289.26954603284,-16.43865500188,3.4251,0.104500003159046,-1.12899994850159,0.150000005960464,-26.25,0.128000006079674,-0.445199996232986,0.124499998986721,0.283800005912781,16.8234004974365,0.00120000005699694,18.2176990509033,0.0168,15.6420001983643,0.00419999985024333,289.2695511,2.32620000839233,-16.4385419799,1.98189997673035,10617936,0.983440174883974
10618132,14194688,289.2496939548,-16.42166906508,3.2483,0.0480999983847141,-0.688000023365021,0.0740000009536743,-26.2590007781982,0.0649999976158142,-0.459300011396408,0.137600004673004,0.277700006961823,11.7011995315552,0.000199999994947575,12.0853996276855,0.002,11.1647996902466,0.0015999999595806,289.249697045,1.15160000324249,-16.4215560055,1.00899994373322,10618132,0.99972777890019
10621705,14507008,289.6496323071,-16.3584508414,2.8496,0.451599985361099,-1.66199994087219,0.824000000953674,-27.3390007019043,0.819000005722046,-0.321099996566772,0.224299997091293,0.337900012731552,19.6289005279541,0.0063999998383224,19.730899810791,0.0417,19.4585990905762,0.0813999995589256,289.649639764,12.7756996154785,-16.3583331337,12.7075996398926,10621705,0.999922585059038
10623737,5709952,289.40343600913,-16.33410565147,2.9791,0.450500011444092,-0.745000004768372,0.532000005245209,-27.3159999847412,0.402999997138977,-0.65200001001358,0.272899985313416,0.105800002813339,18.8034992218018,0.00329999998211861,18.7376003265381,0.0304,18.7259006500244,0.0582000017166138,289.40343935,8.24930000305176,-16.3339880404,6.25,10623737,0.999995616988739
10624824,14109952,289.54076137818,-16.27298601989,3.3677,0.0417999997735023,-1.24300003051758,0.0839999988675117,-27.0189990997314,0.0769999995827675,-0.353700011968613,-0.0760999992489815,0.460399985313416,8.24670028686523,0.000500000023748726,8.87769985198975,0.0016,7.52799987792969,0.0019000000320375,289.540766954,1.30120003223419,-16.2728696879,1.1871999502182,10624824,0.999999310379855
10625052,2375040,289.55635506322,-16.24726361423,3.4593,0.0566000007092953,-1.1139999628067,0.101000003516674,-27.0330009460449,0.0869999974966049,-0.29789999127388,0.0983999967575073,0.284500002861023,13.6356000900269,0.00039999998989515,14.2743997573853,0.0023,12.8815002441406,0.000899999984540045,289.55636006,1.56190001964569,-16.2471472236,1.34350001811981,10625052,0.979546367515561
10626841,14280576,289.13453869621,-16.41817097996,3.2547,0.0285999998450279,-0.772000014781952,0.0430000014603138,-26.8560009002686,0.0390000008046627,-0.392500013113022,0.203199997544289,0.259499996900558,13.1962003707886,0.000699999975040555,13.766900062561,0.003,12.4939002990723,0.00170000002253801,289.134542159,0.671000003814697,-16.4180553517,0.610400021076202,10626841,0.998844469260347
10627217,14291584,289.15332938281,-16.38436048685,3.3746,0.032600000500679,-1.22099995613098,0.0489999987185001,-27.246000289917,0.0430000014603138,-0.401399999856949,0.193499997258186,0.171299993991852,14.0319995880127,0.0007999999797903,14.8115997314453,0.0041,13.1771001815796,0.00350000010803342,289.153334863,0.753099977970123,-16.3842431765,0.665600001811981,10627217,0.972513335788047
10627320,14292864,289.17376915301,-16.36443512149,3.372,0.152199998497963,-1.12300002574921,0.215000003576279,-26.8579998016357,0.19200000166893,-0.383100003004074,0.168799996376038,0.295800000429153,17.6473007202148,0.00170000002253801,18.926399230957,0.0439,16.4407997131348,0.0118000004440546,289.173774191,3.33579993247986,-16.3643194818,2.98099994659424,10627320,0.976725658326435
10627418,14323328,289.13739257352,-16.35915381999,3.247,0.0412000007927418,-0.865000009536743,0.0599999986588955,-27.2590007781982,0.0520000010728836,-0.384799987077713,0.190200001001358,0.180500000715256,13.5965995788574,0.000300000014249235,14.1485996246338,0.0021,12.9134998321533,0.00120000005699694,289.137396454,0.928699970245361,-16.3590364553,0.812600016593933,10627418,0.999154483880342
10627627,14207488,289.26807482844,-16.38861137557,3.1426,0.0560000017285347,-1.24600005149841,0.0829999968409538,-26.3390007019043,0.068000003695488,-0.536800026893616,0.199100002646446,0.16609999537468,10.9392995834351,0.00039999998989515,11.2630996704102,0.0012,10.4706001281738,0.000500000023748726,289.268080422,1.28589999675751,-16.3884979699,1.05130004882812,10627627,0.999919535966071
10628668,1572864,289.19429176504,-16.32257662932,3.2304,0.0586999990046024,-1.25100004673004,0.0869999974966049,-26.4220008850098,0.0790000036358833,-0.444799989461899,0.267699986696243,0.234899997711182,10.3670997619629,0.00039999998989515,10.7199001312256,5e-04,9.87539958953857,0.00120000005699694,289.194297378,1.35049998760223,-16.3224628688,1.23300004005432,10628668,0.999996511638133
10629463,14391040,289.04665801967,-16.36358497908,3.3212,0.0427000001072884,-0.700999975204468,0.068000003695488,-26.871000289917,0.063000001013279,-0.370299994945526,0.1841000020504,0.299800008535385,12.7360000610352,0.000300000014249235,13.1766996383667,0.0017,12.1436004638672,0.00100000004749745,289.046661166,1.05729997158051,-16.3634692856,0.981199979782104,10629463,0.999401520223239
10629699,14338560,289.13912048415,-16.33944775975,3.1206,0.0480000004172325,-1.38800001144409,0.0759999975562096,-26.4179992675781,0.0729999989271164,-0.348300009965897,0.229800000786781,0.324299991130829,10.2587995529175,0.000300000014249235,10.6124000549316,5e-04,9.76620006561279,0.00150000001303852,289.139126711,1.17760002613068,-16.3393340154,1.13970005512238,10629699,0.999980716384959
10630101,4368768,289.05720601281,-16.33701644266,3.21,0.349999994039536,-1.60099995136261,0.573000013828278,-26.6049995422363,0.559000015258789,-0.299600005149841,0.0917999967932701,0.527100026607513,19.1054992675781,0.00410000002011657,18.9769992828369,0.0456,18.9043998718262,0.119599997997284,289.057213198,8.88809967041016,-16.3369018942,8.66450023651123,10630101,0.999977751754954
10630304,14440832,289.04170064106,-16.31212309632,3.2673,0.0414000004529953,-0.583999991416931,0.0689999982714653,-26.1240005493164,0.0599999986588955,-0.401300013065338,0.174999997019768,0.216900005936623,10.3992004394531,0.000500000023748726,10.7547998428345,0.001,9.90690040588379,0.000899999984540045,289.041703261,1.06350004673004,-16.312010619,0.934400022029877,10630304,0.999990524846088
10630959,2242304,289.18314949118,-16.29290422105,3.3472,0.0879999995231628,-0.552999973297119,0.119999997317791,-26.2830009460449,0.104000002145767,-0.489600002765656,0.293099999427795,0.0428999997675419,16.3178005218506,0.0007999999797903,17.4407997131348,0.0091,15.2515001296997,0.00410000002011657,289.18315197,1.855299949646,-16.2927910565,1.60780000686646,10630959,0.992363321156478
10631400,14371584,289.18500653973,-16.25952302212,3.2452,0.0447999984025955,-0.939000010490417,0.0579999983310699,-26.3490009307861,0.0540000014007092,-0.391099989414215,0.290899991989136,0.186299994587898,13.1340999603271,0.00039999998989515,13.7566003799438,0.0025,12.3922004699707,0.000899999984540045,289.185010753,0.901099979877472,-16.2594095746,0.83160001039505,10631400,0.997665667702657
10631884,14441216,289.11067808989,-16.24857186747,3.4893,0.153999999165535,-1.92700004577637,0.202999994158745,-27.7870006561279,0.178000003099442,-0.422500014305115,0.236699998378754,0.243599995970726,12.9673004150391,0.00359999993816018,13.4716997146606,0.0018,12.256199836731,0.00139999995008111,289.11068673,3.14770007133484,-16.2484522298,2.75670003890991,10631884,0.955860540723961
10632186,1565696,289.18407914992,-16.20630496428,3.0996,0.0573000013828278,-0.241999998688698,0.0759999975562096,-26.2360000610352,0.0649999976158142,-0.475400000810623,0.215399995446205,0.166500002145767,12.1850996017456,0.000199999994947575,12.6163997650146,0.0012,11.6028003692627,0.00109999999403954,289.184080237,1.17320001125336,-16.2061920038,1.0048999786377,10632186,0.998385553676281
10633692,3742080,289.34929687431,-16.21368727688,3.2298,0.0694999992847443,-1.83399999141693,0.104000002145767,-26.806999206543,0.0900000035762787,-0.486600011587143,0.198400005698204,0.249500006437302,9.98709964752197,0.000300000014249235,10.2812995910645,0.0013,9.57030010223389,0.00230000005103648,289.349305096,1.61570000648499,-16.2135718566,1.40069997310638,10633692,0.999816400619092
10634756,14280704,289.37254100802,-16.19948907272,3.3023,0.0304000005125999,-0.945999979972839,0.0520000010728836,-26.7749996185303,0.0480000004172325,-0.326099991798401,0.0781999975442886,0.381199985742569,14.3256998062134,0.000699999975040555,15.0115995407104,0.003,13.5355997085571,0.00270000007003546,289.372545248,0.800700008869171,-16.1993737923,0.738699972629547,10634756,0.996406650724842
10635877,14376960,289.23624599923,-16.20745704198,3.3977,0.274899989366531,-1.057000041008,0.446999996900558,-27.4330005645752,0.395999997854233,-0.418700009584427,0.0370000004768372,0.189300000667572,9.58650016784668,0.000300000014249235,9.93389987945557,0.0016,9.10820007324219,0.00219999998807907,289.23625074,6.92689990997314,-16.2073389271,6.13469982147217,10635877,0.999990657434138
10636944,14416896,289.26638563275,-16.13537108119,3.2686,0.0421999990940094,-1.4190000295639,0.0689999982714653,-26.5480003356934,0.061999998986721,-0.346599996089935,0.0810000002384186,0.348899990320206,15.3196001052856,0.000600000028498471,16.2234992980957,0.006,14.3822002410889,0.00179999996908009,289.266391994,1.0650999546051,-16.1352567782,0.959299981594086,10636944,0.980855176488588
10638563,14403072,289.3493406942,-16.07354390629,3.2373,0.0489000007510185,-0.537000000476837,0.0769999995827675,-26.4529991149902,0.0649999976158142,-0.375099986791611,0.164100006222725,0.181600004434586,7.18100023269653,0.000300000014249235,7.93270015716553,0.0016,6.38159990310669,0.00219999998807907,289.349343101,1.19840002059937,-16.0734300125,1.00849997997284,10638563,0.999999623520145
10639462,6438272,289.70780542063,-16.25467067706,3.3485,0.0281000006943941,-0.941999971866608,0.0489999987185001,-27.6660003662109,0.046000000089407,-0.174199998378754,0.122900001704693,0.29339998960495,13.9575996398926,0.00039999998989515,14.5950002670288,0.0025,13.2023000717163,0.00270000007003546,289.707809644,0.757200002670288,-16.2545515601,0.720600008964539,10639462,0.993159333708189
10639846,1568128,289.63000688498,-16.24518356776,3.4174,0.0568000003695488,-1.2610000371933,0.104000002145767,-27.0400009155273,0.0850000008940697,-0.119999997317791,-0.0703999996185303,-0.181400001049042,10.3358001708984,0.0007999999797903,10.6723003387451,0.0015,9.86660003662109,0.00130000000353903,289.630012539,1.6088000535965,-16.2450671462,1.32280004024506,10639846,0.999978707256433
10640899,14936704,289.80153876968,-16.17839231818,3.3866,0.0419999994337559,-1.39800000190735,0.0869999974966049,-27.0559997558594,0.0700000002980232,0.0531999990344048,-0.0195000004023314,-0.0214000009000301,10.3670997619629,0.000600000028498471,10.7266998291016,0.002,9.86769962310791,0.00109999999403954,289.801545038,1.34309995174408,-16.1782758292,1.08899998664856,10640899,0.999992516799158
10646350,1559168,289.96475848428,-16.06635433299,3.151,0.0601000003516674,-1.27900004386902,0.123000003397465,-26.7339992523193,0.0879999995231628,0.287099987268448,-0.377900004386902,-0.365299999713898,10.1652002334595,0.000699999975040555,10.5348997116089,5e-04,9.66209983825684,0.00109999999403954,289.964764214,1.9054000377655,-16.0662392292,1.3668999671936,10646350,0.99999280908136
10650067,2988928,289.82616501527,-15.92135361947,3.3977,0.102899998426437,-1.7389999628067,0.254000008106232,-27.6280002593994,0.174999997019768,0.182500004768372,-0.196199998259544,-0.383700013160706,16.6490993499756,0.00130000000353903,18.0984992980957,0.0186,15.4667997360229,0.00540000014007092,289.826172802,3.94280004501343,-15.9212346661,2.71079993247986,10650067,0.983295074420617
10651358,1561472,289.46147691491,-16.11143073461,3.2697,0.0241999998688698,-0.757000029087067,0.0410000011324883,-27.3099994659424,0.0370000004768372,-0.357400000095367,0.0414000004529953,0.308899998664856,13.3128004074097,0.000500000023748726,13.8303003311157,0.0023,12.6582002639771,0.00249999994412065,289.461480308,0.632300019264221,-16.1113131485,0.566500008106232,10651358,0.998894668256477
10657923,9117312,289.68440592017,-15.89890303589,3.5338,0.620599985122681,0.126000002026558,1.13100004196167,-28.7430000305176,0.921999990940094,0.134800001978874,-0.268900007009506,0.0799999982118607,19.5314998626709,0.00609999988228083,19.5230007171631,0.0479,19.3418006896973,0.0706000030040741,289.684405357,17.5484008789062,-15.8987792817,14.3087997436523,10657923,0.999663578564834
10672666,14410880,290.55140922801,-15.88886992672,3.2088,0.0234999991953373,-1.54700005054474,0.0410000011324883,-26.451000213623,0.0370000004768372,-0.348100006580353,0.14020000398159,0.214100003242493,13.5853004455566,0.000500000023748726,14.2686996459961,0.0022,12.8037996292114,0.0020000000949949,290.551416155,0.630699992179871,-15.8887560418,0.570900022983551,10672666,0.98825135566139
10720121,13360384,289.86436116574,-15.71054365197,3.3788,0.110299997031689,-1.41199994087219,0.155000001192093,-27.8360004425049,0.126000002026558,-0.44539999961853,0.130500003695488,0.226899996399879,16.8724002838135,0.00130000000353903,18.1937007904053,0.0148,15.7230997085571,0.00529999984428287,289.864367482,2.40359997749329,-15.7104238031,1.94949996471405,10720121,0.969242680468829
10723080,13338496,290.02174683157,-15.59346695869,3.2967,0.0381000004708767,-1.48300004005432,0.0649999976158142,-27.5769996643066,0.0590000003576279,-0.333600014448166,0.0472999997437,0.329699993133545,10.8107995986938,0.000300000014249235,11.1450996398926,0.0015,10.3306999206543,0.0007999999797903,290.021753461,1.00360000133514,-15.5933482241,0.909900009632111,10723080,0.999815816012398
10726533,3669504,290.02197994398,-15.5099200016,3.1578,0.0375999994575977,-1.14600002765656,0.063000001013279,-25.8339996337891,0.0570000000298023,-0.349799990653992,0.0627000033855438,0.332599997520447,11.8760995864868,0.000199999994947575,12.2498998641968,0.0015,11.3496999740601,0.000899999984540045,290.021985062,0.984300017356873,-15.5098087732,0.88919997215271,10726533,0.999351351954314
10740647,14571776,290.2565172439,-15.43311692457,3.205,0.0815000012516975,-1.55299997329712,0.156000003218651,-26.6469993591309,0.136000007390976,-0.230499997735023,0.0465999990701675,0.19650000333786,16.3952007293701,0.00109999999403954,17.5631008148193,0.0226,15.2986001968384,0.00150000001303852,290.256524179,2.41459989547729,-15.4330021941,2.11229991912842,10740647,0.995179655945587
10749914,15125248,288.96373844618,-16.29985436141,3.1967,0.0439999997615814,-0.629000008106232,0.0759999975562096,-26.8950004577637,0.0710000023245811,-0.348399996757507,0.12219999730587,0.258799999952316,8.12370014190674,0.000500000023748726,8.73480033874512,0.0017,7.41580009460449,0.00170000002253801,288.963741269,1.18630003929138,-16.2997385648,1.0958000421524,10749914,0.999999604880725
10750384,15137152,288.99339414432,-16.25729093326,3.2341,0.0403000004589558,-0.528999984264374,0.0670000016689301,-27.4249992370605,0.0590000003576279,-0.36939999461174,0.154200002551079,0.206900000572205,10.2246999740601,0.000699999975040555,10.586799621582,0.0012,9.73110008239746,0.000899999984540045,288.993396516,1.03840005397797,-16.2571728531,0.920000016689301,10750384,0.999990880290796
10751706,15110784,289.0765766676,-16.21192057827,3.2767,0.095600001513958,-0.846000015735626,0.13400000333786,-26.6030006408691,0.11599999666214,-0.408499985933304,0.19650000333786,0.215200006961823,16.8745994567871,0.00100000004749745,18.1881999969482,0.0129,15.7384996414185,0.00559999980032444,289.076580461,2.08579993247986,-16.2118060371,1.80280005931854,10751706,0.996589970161185
10751927,15080704,289.13463491392,-16.19306935886,3.1317,0.0397999994456768,-0.754999995231628,0.0689999982714653,-26.8190002441406,0.0659999996423721,-0.307799994945526,0.219200000166893,0.32600000500679,10.6384000778198,0.000300000014249235,10.980299949646,9e-04,10.1539001464844,0.0007999999797903,289.134638297,1.06260001659393,-16.1929538901,1.02830004692078,10751927,0.999950242671877
10752065,5427712,289.10867062578,-16.18448671096,3.1345,0.0392000004649162,-1.49800002574921,0.0649999976158142,-26.2569999694824,0.0590000003576279,-0.335099995136261,0.176899999380112,0.227300003170967,11.6190004348755,0.0015999999595806,12.0415000915527,0.006,11.0340995788574,0.00430000014603138,289.108677343,1.0077999830246,-16.1843736607,0.909200012683868,10752065,0.998366980122735
10752337,15163136,289.03604223403,-16.18756297532,3.1451,0.0472999997437,-0.629999995231628,0.0729999989271164,-26.1919994354248,0.0590000003576279,-0.485700011253357,0.189500004053116,0.0795999988913536,9.75339984893799,0.000300000014249235,10.1296997070312,0.0013,9.24520015716553,0.00170000002253801,289.03604506,1.13240003585815,-16.1874502032,0.91729998588562,10752337,0.999997565835957
10753102,708992,289.05894641003,-16.11964500768,3.1793,0.0615000016987324,-0.560999989509583,0.101000003516674,-26.636999130249,0.0890000015497208,-0.403499990701675,0.149700000882149,0.250400006771088,10.8971996307373,0.00279999990016222,11.2011003494263,0.0046,10.3183002471924,0.00419999985024333,289.058948925,1.56389999389648,-16.1195303194,1.38619995117188,10753102,0.999964904156238
10753845,114944,288.90907221503,-16.18576492469,3.5497,0.128499999642372,-1.05299997329712,0.216000005602837,-26.6860008239746,0.19200000166893,-0.375299990177155,0.0641999989748001,0.391799986362457,17.4027004241943,0.00139999995008111,18.8269996643066,0.0327,16.202299118042,0.00730000017210841,288.909076935,3.34540009498596,-16.1856500273,2.9721999168396,10753845,0.979206965967115
10756953,5427072,289.16896552522,-16.12539489683,3.2614,0.0399000011384487,-1.04499995708466,0.0670000016689301,-26.5739994049072,0.0590000003576279,-0.255400002002716,0.0930999964475632,0.155499994754791,12.06369972229,0.00120000005699694,12.4548997879028,0.0044,11.5188999176025,0.00219999998807907,289.16897021,1.03279995918274,-16.1252804806,0.908399999141693,10756953,0.999783644605672
10756983,286720,289.15109090251,-16.12695682395,3.2586,0.0570000000298023,-0.657999992370605,0.158999994397163,-27.5949993133545,0.157000005245209,-0.61760002374649,-0.388599991798401,0.846499979496002,10.729700088501,0.00130000000353903,10.6326999664307,0.0707,9.91059970855713,0.0608000010251999,289.15109385,2.46499991416931,-16.1268380105,2.44050002098083,10756983,0.997924599005321
10757454,15138304,289.1968944254,-16.06935678789,3.2313,0.0329999998211861,-0.726999998092651,0.0590000003576279,-26.9519996643066,0.0549999997019768,-0.277200013399124,0.106200002133846,0.301699995994568,12.3529996871948,0.000199999994947575,12.7618999481201,0.0017,11.7954998016357,0.00139999995008111,289.196897683,0.922100007534027,-16.069240745,0.854600012302399,10757454,0.999764513033564
10757784,15194240,289.102568485,-16.09284492155,3.0475,0.0700000002980232,-0.646000027656555,0.118000000715256,-26.6509990692139,0.108000002801418,-0.343699991703033,0.124600000679493,0.368999987840652,16.3250999450684,0.0015999999595806,17.4696006774902,0.0213,15.2428998947144,0.00499999988824129,289.102571382,1.82459998130798,-16.0927301724,1.68040001392365,10757784,0.987939763371711
10758322,5426432,289.26189346947,-16.08806274708,3.2496,0.0375000014901161,-0.805000007152557,0.061999998986721,-27.6399993896484,0.0570000000298023,-0.303900003433228,0.106499999761581,0.263599991798401,12.5967998504639,0.00039999998989515,13.0177001953125,0.0018,12.0260000228882,0.0007999999797903,289.261897077,0.964600026607513,-16.0879437416,0.876299977302551,10758322,0.997967019083972
10758561,15635584,289.23224079389,-16.05620980019,3.2262,0.0340999998152256,-0.180000007152557,0.0649999976158142,-27.7180004119873,0.0610000006854534,-0.321700006723404,0.0355000011622906,0.363000005483627,11.1117000579834,0.000600000028498471,11.4397001266479,0.002,10.6424999237061,0.00130000000353903,289.232241603,1.00279998779297,-16.0560904568,0.938499987125397,10758561,0.998945245211425
10758708,15073664,289.29712804554,-16.05240173619,3.2498,0.0562000013887882,-0.796999990940094,0.0890000015497208,-26.9969997406006,0.0769999995827675,-0.465900003910065,0.117299996316433,0.315100014209747,8.02499961853027,0.000600000028498471,8.660400390625,0.0025,7.31090021133423,0.00370000000111759,289.297131619,1.38030004501343,-16.0522854997,1.19930005073547,10758708,0.99999971718196
10764551,15476480,288.75054000866,-16.09781514105,3.2347,0.049600001424551,-0.634999990463257,0.0780000016093254,-27.068000793457,0.0670000016689301,-0.482499986886978,0.0904000028967857,0.3158999979496,11.7320995330811,0.000199999994947575,12.1028995513916,0.0019,11.2093000411987,0.00100000004749745,288.750542854,1.21039998531342,-16.097698599,1.04470002651215,10764551,0.999694116497063
10766489,444544,288.83923281552,-16.00308281284,3.1072,0.0617000013589859,-0.675999999046326,0.0820000022649765,-26.2409992218018,0.0710000023245811,-0.427100002765656,0.0668999999761581,0.23989999294281,12.7662000656128,0.000300000014249235,13.2104997634888,0.0015,12.1753997802734,0.0015999999595806,288.839235845,1.27629995346069,-16.0029698299,1.0958000421524,10766489,0.999043194682961
10766930,15473792,288.9011097741,-15.96292030536,3.3391,0.0485000014305115,-0.824000000953674,0.0780000016093254,-27.0510005950928,0.068000003695488,-0.438499987125397,0.0266999993473291,0.354299992322922,10.1686000823975,0.00039999998989515,10.5396003723145,0.001,9.66189956665039,0.0015999999595806,288.901113464,1.20500004291534,-15.9628038379,1.05589997768402,10766930,0.99999696682472
10767439,2268160,288.76529588976,-16.0615129135,3.1125,0.493699997663498,-1.08599996566772,0.845000028610229,-26.44700050354,0.819000005722046,-0.322499990463257,0.0658000037074089,0.540199995040894,19.6278991699219,0.00540000014007092,19.6091995239258,0.0502,19.5807991027832,0.0666999965906143,288.765300756,13.1009998321533,-16.0613990437,12.6935997009277,10767439,0.999995922939018
10775101,15595776,288.87424285593,-15.85144553996,3.1735,0.0625,-0.552999973297119,0.0860000029206276,-26.9580001831055,0.068000003695488,-0.579900026321411,0.28099998831749,0.0522000007331371,11.204400062561,0.00039999998989515,11.5500001907349,0.0013,10.7116003036499,0.00170000002253801,288.874245331,1.34119999408722,-15.8513294718,1.05780005455017,10775101,0.999829113371498
10782610,2357760,289.36525101747,-15.80468731804,3.1953,0.101800002157688,-0.46900001168251,0.216999992728233,-26.4629993438721,0.196999996900558,-0.120700001716614,-0.0182000007480383,0.134399995207787,16.9101009368896,0.00120000005699694,18.2506999969482,0.0191,15.7850999832153,0.00549999997019768,289.365253116,3.3717999458313,-15.8045733808,3.05949997901917,10782610,0.993968632479083
10783836,9170560,289.50703787394,-15.832285826,3.3083,0.393799990415573,-1.35500001907349,0.825999975204468,-26.4909992218018,0.564999997615814,0.0342000015079975,-0.0522000007331371,-0.354600012302399,18.8945007324219,0.00460000010207295,18.8546009063721,0.0331,18.8756008148193,0.0799999982118607,289.50704394,12.808500289917,-15.832171767,8.76249980926514,10783836,0.999997520305214
10788533,5656448,289.58244874917,-15.63563120201,2.8824,0.0976999998092651,-0.842000007629395,0.165999993681908,-25.8509998321533,0.136999994516373,-0.330000013113022,0.0964000001549721,0.160099998116493,16.6446990966797,0.00139999995008111,18.0321998596191,0.0216,15.479700088501,0.00279999990016222,289.582452516,2.58200001716614,-15.6355198991,2.11809992790222,10788533,0.877309217253624
10792756,27136,289.09182422753,-15.77121781875,3.0851,0.0399000011384487,-0.936999976634979,0.0649999976158142,-26.0090007781982,0.0570000000298023,-0.310900002717972,-0.0175999999046326,0.236200004816055,12.5593004226685,0.000199999994947575,12.9862003326416,0.0013,11.9843997955322,0.00109999999403954,289.09182842,1.01400005817413,-15.7711058346,0.886799991130829,10792756,0.99849446682686
10802419,3141760,288.6589415892,-15.98282151034,3.2218,0.405499994754791,-1.83899998664856,0.703000009059906,-28.0300006866455,0.677999973297119,-0.331099987030029,0.0944000035524368,0.521600008010864,19.2789001464844,0.00490000005811453,19.3356990814209,0.0451,19.3292999267578,0.0593999996781349,288.658949828,10.8985004425049,-15.9827008258,10.5076999664307,10802419,0.999996136131776
10804660,16586624,288.78855395813,-15.87347694805,3.2987,0.0443999990820885,-0.867999970912933,0.0700000002980232,-27.2479991912842,0.063000001013279,-0.387800008058548,0.155799999833107,0.246800005435944,11.2621002197266,0.00039999998989515,11.597900390625,0.0012,10.7767000198364,0.000899999984540045,288.788557843,1.08729994297028,-15.8733596317,0.973100006580353,10804660,0.999876770294625
10806065,6118272,288.55390870421,-15.90823820259,3.1993,0.0441999994218349,-2.88700008392334,0.0790000036358833,-24.8980007171631,0.0759999975562096,-0.197699993848801,0.143800005316734,0.314500004053116,11.9493999481201,0.000199999994947575,12.4001998901367,0.0018,11.3569002151489,0.00100000004749745,288.553921628,1.23169994354248,-15.9081310047,1.17579996585846,10806065,0.763200450437159
10806177,4255744,288.51137977374,-15.90170814378,3.2145,0.068000003695488,0.0549999997019768,0.105999998748302,-26.4120006561279,0.0860000029206276,-0.513300001621246,0.103200003504753,0.207300007343292,8.05690002441406,0.000600000028498471,8.70250034332275,0.0032,7.32030010223389,0.00289999996311963,288.51137953,1.64800000190735,-15.9015944267,1.32959997653961,10806177,0.999994670848432
10808179,6116864,288.62112346351,-15.81834915507,3.0934,0.0529999993741512,-0.763999998569489,0.0890000015497208,-25.0470008850098,0.0750000029802322,-0.386900007724762,-0.00240000011399388,0.208199992775917,10.4226999282837,0.000600000028498471,10.7863998413086,0.0014,9.92409992218018,0.00139999995008111,288.621126883,1.375,-15.8182413159,1.15590000152588,10808179,0.999851115674982
10816779,16842880,288.81532444757,-15.57536978418,3.0933,0.0693999975919724,-1.10399997234344,0.122000001370907,-25.3700008392334,0.10700000077486,-0.235300004482269,-0.00260000000707805,0.217099994421005,16.3967990875244,0.00100000004749745,17.5594997406006,0.0082,15.3297996520996,0.00329999998211861,288.815329381,1.89590001106262,-15.5752605533,1.65310001373291,10816779,0.978788897649107
10834401,18006784,289.12865289542,-15.5602320453,3.1672,0.0659999996423721,-0.783999979496002,0.177000001072884,-26.3139991760254,0.112999998033047,0.710799992084503,-0.685599982738495,-0.755900025367737,14.1212997436523,0.000699999975040555,14.7476997375488,0.0055,13.3767004013062,0.0020000000949949,289.128656399,2.74589991569519,-15.5601187468,1.75419998168945,10834401,0.996631056438901
10843225,17972480,289.03660735192,-15.40789816205,3.2577,0.0866999998688698,-1.16600000858307,0.239999994635582,-27.3360004425049,0.150000005960464,0.699299991130829,-0.633700013160706,-0.742500007152557,11.4137001037598,0.00039999998989515,11.7475004196167,0.0014,10.930100440979,0.000899999984540045,289.036612559,3.7234001159668,-15.407780467,2.33179998397827,10843225,0.999650926370503
10854265,17872128,289.00110224667,-15.26821228939,3.2102,0.0370000004768372,-1.82700002193451,0.0729999989271164,-25.6669998168945,0.0540000014007092,-0.142000004649162,0.00219999998807907,-0.144500002264977,14.4492998123169,0.000600000028498471,15.1517000198364,0.0028,13.6505002975464,0.0019000000320375,289.001110399,1.13510000705719,-15.2681017775,0.837599992752075,10854265,0.931914201263982
10873529,14984832,289.60457893375,-15.46708365512,3.5199,0.109999999403954,-1.23099994659424,0.156000003218651,-28.0820007324219,0.137999996542931,-0.404399991035461,0.197400003671646,0.263700008392334,16.9053993225098,0.00109999999403954,18.1961002349854,0.0208,15.7652997970581,0.008500000461936,289.604584431,2.42120003700256,-15.4669627449,2.14459991455078,10873529,0.893543209618102
10878103,15190912,289.52234048423,-15.30629022144,3.2908,0.0406999997794628,-0.906000018119812,0.0710000023245811,-27.3579998016357,0.0659999996423721,-0.379099994897842,0.0895000025629997,0.36829999089241,12.5003004074097,0.000199999994947575,12.9413003921509,0.0019,11.9109001159668,0.0015999999595806,289.522344527,1.1055999994278,-15.3061724307,1.02020001411438,10878103,0.999367299296133
10888041,15483776,289.97667446374,-15.2761518178,3.4745,0.127100005745888,0.504000008106232,0.131999999284744,-27.0820007324219,0.116999998688698,-0.602199971675873,0.327499985694885,0.154100000858307,11.0036001205444,0.000600000028498471,11.4305000305176,0.0028,10.4368000030518,0.00179999996908009,289.976672213,2.05489993095398,-15.2760352136,1.80869996547699,10888041,0.986709991525713
10892019,15634816,290.21507555391,-15.1453013092,3.4954,0.0430999994277954,-1.16999995708466,0.0740000009536743,-28.6639995574951,0.0610000006854534,-0.288800001144409,-0.00150000001303852,0.137199997901917,12.1482000350952,0.000199999994947575,12.5648002624512,0.0017,11.584400177002,0.000899999984540045,290.215080773,1.14429998397827,-15.1451778929,0.951799988746643,10892019,0.930023160332523
10913251,266112,289.25144675893,-15.18176401483,3.3197,0.0566999986767769,-1.07599997520447,0.0810000002384186,-27.6849994659424,0.0729999989271164,-0.490900009870529,0.298900008201599,0.196099996566772,11.9292001724243,0.000199999994947575,12.3183002471924,0.0018,11.3887996673584,0.00120000005699694,289.251451558,1.25090003013611,-15.1816448143,1.13580000400543,10913251,0.99874014682113
10915384,16131840,289.51014212738,-15.18112273174,3.4627,0.121899999678135,-0.699000000953674,0.194999992847443,-27.7840003967285,0.17399999499321,-0.355300009250641,0.0560999996960163,0.376399993896484,17.2443008422852,0.00130000000353903,18.6816005706787,0.0259,16.0401992797852,0.00499999988824129,289.510145247,3.02970004081726,-15.1810031056,2.70199990272522,10915384,0.957287625695374
10920957,16278400,289.47938652617,-15.04409952231,3.3614,0.0656000003218651,-1.2039999961853,0.104999996721745,-27.3279991149902,0.090999998152256,-0.37610000371933,0.0493000000715256,0.320499986410141,16.0585994720459,0.00100000004749745,17.1366996765137,0.0096,15.0160999298096,0.00130000000353903,289.479391896,1.62600004673004,-15.0439818615,1.41250002384186,10920957,0.99224947650099
11130707,1593600,290.45999503987,-14.57622973408,3.7016,0.227300003170967,-1.51400005817413,0.351999998092651,-28.5979995727539,0.319999992847443,-0.395300000905991,0.117499999701977,0.336499989032745,18.5083999633789,0.00300000002607703,18.3868999481201,0.019,18.4260997772217,0.068000003695488,290.460001776,5.45550012588501,-14.5761066035,4.96029996871948,11130707,0.99930927670464
11220595,2911232,291.02280739421,-13.99769549351,3.4064,0.087399996817112,-2.00799989700317,0.142000004649162,-26.0459995269775,0.123000003397465,-0.310000002384186,0.0582999996840954,0.323500007390976,16.7516002655029,0.00120000005699694,17.9958000183105,0.0164,15.644100189209,0.00340000004507601,291.022816306,2.20619988441467,-13.9975833529,1.90409994125366,11220595,0.808782944626206
11293184,18042240,288.50423283644,-15.48473351632,3.2058,0.0807999968528748,-0.629000008106232,0.123000003397465,-26.9459991455078,0.115000002086163,-0.349400013685226,0.187600001692772,0.35249999165535,16.5016994476318,0.00120000005699694,17.6669006347656,0.0164,15.4264001846313,0.00389999989420176,288.504235645,1.90230000019073,-15.4846174968,1.77620005607605,11293184,0.995694541659904
11295503,18081280,288.57730776381,-15.3761361927,3.0296,0.0348999984562397,-0.48199999332428,0.0570000000298023,-25.3269996643066,0.0520000010728836,-0.231700003147125,0.0675999969244003,0.222900003194809,12.9308004379272,0.00039999998989515,13.3731002807617,0.0012,12.3447999954224,0.00120000005699694,288.577309916,0.885599970817566,-15.3760271445,0.798900008201599,11295503,0.992852866923151
11298616,18198656,288.46135437086,-15.37167407435,3.1659,0.0274999998509884,-0.842000007629395,0.0509999990463257,-27.1229991912842,0.0509999990463257,-0.204199999570847,0.165000006556511,0.412200003862381,14.5031995773315,0.000500000023748726,15.2195997238159,0.0034,13.6905002593994,0.00209999992512167,288.461358129,0.795899987220764,-15.3715572941,0.783699989318848,11298616,0.970758906178804
11317935,19264768,288.65796076558,-15.30676184401,3.1516,0.0443000011146069,-0.629000008106232,0.090999998152256,-27.0100002288818,0.0719999969005585,-0.0241999998688698,-0.0285999998450279,-0.0789000019431114,11.0289001464844,0.000699999975040555,11.3542003631592,0.0018,10.5642004013062,0.00100000004749745,288.657963574,1.41110002994537,-15.3066455511,1.11039996147156,11317935,0.999830761773791
11320876,19142528,288.54369505482,-15.29695319887,2.9812,0.0608000010251999,-0.958999991416931,0.119999997317791,-25.7810001373291,0.109999999403954,-0.0674000009894371,0.0974999964237213,0.253600001335144,16.247200012207,0.00100000004749745,17.3595008850098,0.0224,15.206600189209,0.00329999998211861,288.543699335,1.86819994449615,-15.2968421984,1.69910001754761,11320876,0.945464964546075
11383445,21422464,288.3970544613,-14.98241198999,3.3135,0.0644000023603439,-0.607999980449677,0.144999995827675,-27.9020004272461,0.101999998092651,0.462999999523163,-0.526199996471405,-0.586600005626678,12.704400062561,0.000300000014249235,13.1567001342773,0.0023,12.1068000793457,0.00109999999403954,288.39705717,2.25020003318787,-14.9822918573,1.58920001983643,11383445,0.993503663660885
11424935,17659136,289.091310241,-14.79540651028,3.4486,0.068000003695488,-1.45899999141693,0.109999999403954,-27.6159992218018,0.0989999994635582,-0.344599992036819,0.0766000002622604,0.368600010871887,15.4371004104614,0.00130000000353903,16.5142993927002,0.0058,14.3683004379272,0.00240000011399388,289.091316739,1.70529997348785,-14.7952876076,1.5333000421524,11424935,0.978465757661601
11519011,20246016,288.86118890547,-14.20486967347,3.0581,0.0401000007987022,-0.941999971866608,0.0719999969005585,-25.746000289917,0.0610000006854534,-0.217899993062019,-0.0676999986171722,0.118100002408028,12.2581996917725,0.000199999994947575,12.6451997756958,0.0017,11.7195997238159,0.00100000004749745,288.861193089,1.11370003223419,-14.204758823,0.939499974250793,11519011,0.99840072213535
11570023,1125760,287.88587611471,-14.70493933267,3.0008,0.062899999320507,-0.537999987602234,0.129999995231628,-25.9689998626709,0.12899999320507,-0.0659999996423721,0.110500000417233,0.553799986839294,16.096399307251,0.0015999999595806,17.1921005249023,0.0101,15.0635995864868,0.00230000005103648,287.885878508,2.02239990234375,-14.7048275211,1.99820005893707,11570023,0.961737883970398
11606591,23978880,287.27840980829,-14.63296225989,3.3247,0.147699996829033,0.156000003218651,0.238999992609024,-26.6620006561279,0.216999992728233,-0.36379998922348,0.112899996340275,0.33500000834465,17.3686008453369,0.00150000001303852,18.816499710083,0.0345,16.164400100708,0.00499999988824129,287.278409116,3.71009993553162,-14.6328474665,3.35840010643005,11606591,0.964526411079306
11815437,14056448,289.72193263126,-14.42700360075,3.2604,0.0529999993741512,-1.19900000095367,0.090999998152256,-27.8010005950928,0.0769999995827675,-0.354600012302399,0.148900002241135,0.0957999974489212,10.2746000289917,0.00039999998989515,10.6552000045776,0.0011,9.75259971618652,0.000500000023748726,289.721937962,1.40470004081726,-14.4268839014,1.19910001754761,11815437,0.999972350044382
11828621,14366976,289.47652190512,-14.2468917692,3.0414,0.131999999284744,-1.35500001907349,0.196999996900558,-26.761999130249,0.164000004529953,-0.301499992609024,-0.000500000023748726,0.243900001049042,17.1550006866455,0.00150000001303852,18.493200302124,0.022,16.0044002532959,0.00549999997019768,289.476527924,3.05940008163452,-14.2467765456,2.53909993171692,11828621,0.975090030323095
11912194,637568,289.77032096281,-13.46011559008,3.2002,0.0461000017821789,-0.704999983310699,0.0820000022649765,-26.886999130249,0.063000001013279,0.0476999990642071,-0.100400000810623,-0.24609999358654,14.6661996841431,0.000699999975040555,15.4104995727539,0.0049,13.8163003921509,0.00209999992512167,289.770324086,1.27740001678467,-13.4599998272,0.982999980449677,11912194,0.988915276601066
11997049,13886592,290.59870783518,-12.90231245818,3.0202,0.126599997282028,-1.76900005340576,0.223000004887581,-26.2689990997314,0.194000005722046,-0.114600002765656,0.226300001144409,0.287800014019012,16.5321006774902,0.00150000001303852,17.6490993499756,0.0466,15.4500999450684,0.0019000000320375,290.59871565,3.45169997215271,-12.9021993575,3.00659990310669,11997049,0.911124912568681
11998795,348672,290.26426337837,-13.02554850073,3.1026,0.159999996423721,-1.12999999523163,0.28999999165535,-26.3360004425049,0.273000001907349,-0.288599997758865,0.103900000452995,0.421999990940094,18.160400390625,0.00209999992512167,19.7399997711182,0.0431,16.9088001251221,0.0105999996885657,290.264268371,4.50290012359619,-13.0254351079,4.2371997833252,11998795,0.874063705671395
12177889,10121984,290.14836151144,-12.46324075751,2.4876,0.813899993896484,-3.51999998092651,1.40199995040894,-27.3159999847412,1.09899997711182,-0.000199999994947575,-0.00540000014007092,0.0690999999642372,19.7684993743896,0.00700000021606684,19.7458000183105,0.1564,20.1604995727539,0.10530000180006,290.148377032,21.7413005828857,-12.4631231452,17.0363998413086,12177889,0.998604886931331
12204794,15639552,289.35479965507,-12.54181164433,3.1998,0.0346000008285046,-3.01200008392334,0.061999998986721,-25.8159999847412,0.0529999993741512,-0.320600003004074,0.0582000017166138,0.212599992752075,10.4047002792358,0.000300000014249235,10.8661003112793,8e-04,9.81120014190674,0.00150000001303852,289.354812942,0.955299973487854,-12.5417004917,0.829500019550323,12204794,0.994551205187552
12776432,13342080,290.89212925879,-12.16696757001,3.1183,0.0683000013232231,-2.02600002288818,0.123999997973442,-26.2159996032715,0.0989999994635582,-0.354400008916855,0.152799993753433,-0.00289999996311963,15.7853002548218,0.000699999975040555,16.9300003051758,0.0066,14.7192001342773,0.00270000007003546,290.892138184,1.9235999584198,-12.1668546964,1.53219997882843,12776432,0.917698303327871
12798284,3416320,290.07346583287,-12.26232494499,3.0883,0.113200001418591,-0.861000001430511,0.184000000357628,-26.3110008239746,0.133000001311302,0.135600000619888,-0.169799998402596,-0.107500001788139,16.7283000946045,0.00130000000353903,17.9286994934082,0.0153,15.6199998855591,0.00680000009015203,290.073469626,2.85330009460449,-12.2622116635,2.06699991226196,12798284,0.990684409989003
12890655,6783616,291.4017355324,-11.31712274722,3.205,0.579999983310699,-3.85999989509583,1.17999994754791,-26.8840007781982,1.24000000953674,-0.441799998283386,0.0297999996691942,0.595300018787384,19.8341999053955,0.00680000009015203,19.8306999206543,0.0594,19.614200592041,0.0966000035405159,291.401752481,18.2975006103516,-11.3170069969,19.2259006500244,12890655,0.992187238277489
14026113,21441664,287.26119977187,-11.93648781413,3.4546,0.133799999952316,-0.938000023365021,0.224999994039536,-25.7070007324219,0.216999992728233,-0.27590000629425,0.229399994015694,0.416900008916855,17.2147998809814,0.00139999995008111,18.6758003234863,0.0178,16.0207004547119,0.00529999984428287,287.261203899,3.48230004310608,-11.936377133,3.36220002174377,14026113,0.951531182825916
15286797,5837952,289.83119539888,-10.86650316801,3.0241,0.437000006437302,-1.43499994277954,0.973999977111816,-26.8159999847412,0.691999971866608,0.774999976158142,-0.812799990177155,-0.790300011634827,17.7553005218506,0.00209999992512167,19.243200302124,0.0533,16.5625991821289,0.00879999995231628,289.831201688,15.1016998291016,-10.8663877081,10.7313995361328,15286797,0.869940953304021
15363935,17204992,289.22476713606,-10.76354677277,3.0582,0.0434000007808208,-1.09500002861023,0.0740000009536743,-27.9260005950928,0.0640000030398369,-0.333099991083145,0.137299999594688,0.180299997329712,10.9039001464844,0.00039999998989515,11.2813997268677,0.0012,10.3786001205444,0.000899999984540045,289.224771935,1.14110004901886,-10.7634265362,0.988099992275238,15363935,0.993785627666775
15594797,10100096,291.61520595327,-21.24604585681,3.1431,0.0509000010788441,0.632000029087067,0.118000000715256,-26.2280006408691,0.0850000008940697,0.374799996614456,-0.318199992179871,-0.195800006389618,6.40539979934692,0.000500000023748726,7.28970003128052,0.0035,5.51210021972656,0.00230000005103648,291.615203033,1.83329999446869,-21.2459329321,1.31550002098083,15594797,0.999860062184507
15862084,2560,293.26836015592,-20.04604383479,3.5491,0.280200004577637,-2.30200004577637,0.504000008106232,-25.9780006408691,0.458999991416931,-0.227099999785423,0.0399000011384487,0.346599996089935,18.8393001556396,0.00350000010803342,18.8484001159668,0.0325,18.808500289917,0.0388999991118908,293.268370708,7.81899976730347,-20.0459319866,7.11180019378662,15862084,0.999978924533924
