SOURCE_ID,RA,DEC,pmRA,pmDE,e_pmRA,e_pmDE,BTmag,e_BTmag,VTmag,e_VTmag,r,err_r,g,err_g,i,err_i,J,e_J,H,e_H,K,e_K,Qflg,W1,e_W1,W2,e_W2,W3,e_W3,W4,e_W4,proba,Teff,e_Teff,Lbol,e_Lbol
349,52.04613765,27.30722344,20.0,-47.4,1.7,1.7,11.756,0.088,10.931,0.072,10.587,0.027000000700354576,11.101,0.044,10.376,0.039,9.501,0.024,9.211,0.033,9.1,0.02,AAA,9.038,0.025,9.072,0.022,9.044,0.029,8.959,0.468,0.991528145678325,5500.0,125.0,0.80046415,0.13918945
469,52.40980235,24.510457,22.7,-42.8,2.3,2.5,15.325,0.94,11.804,0.18,11.892,0.1,12.595,0.021,11.565,0.061,10.318,0.026,9.856,0.03,9.698,0.018,AAA,9.646,0.022,9.655,0.021,9.648,0.047,,,0.938473158261496,4750.0,125.0,0.32073525,0.059427872
604,52.81646668,25.25546943,22.2,-45.3,0.8,0.8,8.44,0.016,8.165,0.013,9.179,0.07100000232458115,9.751,0.105,8.417,0.095,7.587,0.019,7.507,0.021,7.457,0.018,AAA,7.416,0.026,7.45,0.021,7.445,0.018,7.273,0.118,0.998631356043176,7250.0,125.0,6.8874235,1.1645863
630,52.89010851,26.26548691,20.4,-37.9,2.2,2.4,11.62,0.09,10.75,0.068,10.577,0.1,11.047,0.041,10.367,0.012,9.514,0.02,9.222,0.022,9.068,0.017,AAA,9.048,0.022,9.097,0.02,9.059,0.031,8.7,0.419,0.973435369219126,5750.0,125.0,0.85153997,0.15070865
784,53.30782936,23.00641262,19.5,-49.2,2.5,2.6,13.42,0.38,11.535,0.118,11.668,0.1,12.441,0.06,11.377,0.042,10.259,0.02,9.787,0.021,9.669,0.014,AAA,9.608,0.024,9.663,0.02,9.662,0.045,,,0.956638432622489,5000.0,125.0,0.36470547,0.06943537
1144,54.26671191,29.3987394,26.7,-42.7,1.9,2.0,11.719,0.1,10.7,0.068,10.324,0.07699999958276749,10.935,0.022,10.085,0.026,9.118,0.022,8.762,0.026,8.676,0.018,AAA,8.619,0.023,8.66,0.022,8.683,0.027,,,0.483988695534813,5250.0,125.0,1.0396339,0.18149328
1258,54.59406769,22.49968173,19.4,-44.0,1.0,1.0,10.824,0.047,10.107,0.036,9.978,0.1,10.485,0.039,9.8,0.027,9.018,0.03,8.775,0.023,8.696,0.018,AAA,8.643,0.022,8.693,0.019,8.685,0.03,,,0.997711044468232,6000.0,125.0,1.407963,0.24421795
1287,54.66966608,22.65961207,19.5,-45.6,0.8,0.7,6.685,0.014,6.699,0.01,,,,,,,6.641,0.026,6.675,0.017,6.672,0.021,AAA,6.658,0.038,6.668,0.02,6.747,0.016,6.624,0.095,0.998700086857269,9000.0,125.0,35.11885,5.698824
1309,54.73691529,24.56979838,18.1,-43.8,1.7,1.8,11.32,0.072,10.613,0.057,10.356,0.02800000086426735,10.859,0.067,10.168,0.064,9.358,0.029,9.053,0.032,9.041,0.02,AAA,8.919,0.024,8.962,0.021,8.932,0.031,8.666,0.434,0.982527203633936,5750.0,125.0,0.98756176,0.17149796
1326,54.77801595,24.70287014,21.5,-46.5,1.3,1.1,7.148,0.015,7.104,0.01,,,,,,,6.979,0.024,7.025,0.038,7.032,0.02,AAA,6.98,0.035,7.015,0.021,7.001,0.017,6.338,0.072,0.992442693230487,9250.0,125.0,26.294682,4.2274013
1330,54.78802303,24.36779793,19.9,-41.8,1.2,1.2,10.512,0.038,9.884,0.032,9.697,0.1,10.271,0.089,9.556,0.047,8.728,0.024,8.54,0.063,8.434,0.024,AAA,8.358,0.023,8.371,0.02,8.339,0.023,8.325,0.312,0.989871313256897,6000.0,125.0,1.8234472,0.31956932
1341,54.80500695,21.84324976,20.6,-42.4,1.1,1.0,7.35,0.015,7.272,0.011,8.847,-0.0,,,8.103,0.055,7.06,0.018,7.059,0.016,7.052,0.021,AAA,7.067,0.03,7.081,0.019,7.098,0.018,7.0,0.1,0.993580775743779,8750.0,125.0,18.233175,2.9911656
1343,54.80613783,24.46651921,20.2,-44.0,1.6,1.7,11.095,0.058,10.488,0.051,10.207,0.1,10.719,0.045,10.046,0.038,9.232,0.023,8.999,0.033,8.905,0.022,AAA,8.813,0.023,8.834,0.021,8.834,0.029,8.835,0.444,0.992099934394126,5750.0,125.0,1.1136457,0.19360028
1432,55.02397962,26.19640068,24.1,-47.3,2.5,2.5,12.136,0.144,11.166,0.083,11.005,0.1,11.59,0.076,10.734,0.037,9.758,0.023,9.383,0.031,9.264,0.019,AAA,9.2,0.023,9.235,0.021,9.242,0.037,,,0.989482929358413,5250.0,125.0,0.6112404,0.111131735
1478,55.16051833,28.77162262,21.0,-39.7,2.0,1.9,7.999,0.018,7.844,0.014,,,,,,,7.567,0.03,7.543,0.053,7.489,0.027,AAA,7.437,0.061,7.495,0.028,7.499,0.026,7.265,0.187,0.53996180391846,8250.0,125.0,9.302406,1.5478951
1647,55.59998862,21.47349056,23.3,-48.4,0.9,0.9,10.453,0.036,9.83,0.03,9.679,0.1,10.333,0.087,9.588,0.036,8.797,0.021,8.604,0.029,8.526,0.019,AAA,8.463,0.023,8.498,0.02,8.468,0.024,7.851,0.175,0.991297873787373,6000.0,125.0,1.7517471,0.3082267
1661,55.62445291,20.14998603,19.4,-46.8,1.1,1.1,8.806,0.02,8.434,0.017,,,,,,,7.753,0.018,7.671,0.021,7.652,0.016,AAA,7.591,0.024,7.605,0.02,7.628,0.018,7.918,0.184,0.9982494864897,7250.0,125.0,5.6382008,0.9310235
1724,55.82929049,22.44923826,22.5,-45.6,2.4,2.6,13.165,0.369,11.754,0.181,11.21,0.1,11.993,0.01,10.867,0.043,9.639,0.02,9.16,0.019,9.026,0.02,AAA,8.965,0.023,8.989,0.02,9.006,0.034,,,0.838221155425073,4750.0,125.0,0.55138564,0.102826804
1756,55.89330503,23.76189679,20.2,-45.1,2.4,2.5,12.559,0.249,11.928,0.199,11.156,0.1,11.86,0.051,10.934,0.043,9.865,0.018,9.476,0.019,9.37,0.02,AAA,9.273,0.024,9.312,0.022,9.288,0.044,,,0.993757107856157,5000.0,125.0,0.48697913,0.09297803
1774,55.92305823,23.64915008,19.9,-44.1,1.0,1.0,8.328,0.017,7.961,0.012,8.815,0.024000000208616257,9.579,0.044,8.062,0.049,7.198,0.026,7.07,0.02,7.028,0.023,AAA,6.976,0.036,6.996,0.02,6.753,0.015,5.306,0.038,0.99096732353625,6750.0,125.0,9.507875,1.5596962
1780,55.93018643,24.37458077,18.0,-43.9,1.0,0.9,8.576,0.019,8.291,0.015,9.122,0.010999999940395355,9.778,0.069,8.477,0.058,7.692,0.039,7.61,0.055,7.561,0.018,AAA,7.531,0.026,7.551,0.021,7.139,0.017,5.751,0.044,0.99823177883982,7000.0,125.0,6.391722,1.0697806
1790,55.95169003,25.19006968,19.8,-45.0,1.8,1.9,11.966,0.135,10.875,0.078,10.57,0.1,11.303,0.014,10.36,0.05,9.326,0.021,8.962,0.03,8.827,0.018,AAA,8.752,0.023,8.807,0.019,8.758,0.031,,,0.93195085349861,5250.0,125.0,0.8736577,0.15522262
1824,56.0176546,24.98982166,16.6,-47.1,1.8,1.8,11.562,0.08,10.833,0.071,10.588,0.1,11.081,0.032,10.371,0.048,9.499,0.027,9.168,0.047,9.061,0.02,AAA,8.994,0.024,9.026,0.02,8.938,0.032,8.734,0.404,0.993234147121493,5500.0,125.0,0.8429633,0.1489159
1838,56.05799373,24.779387,21.2,-46.0,1.8,1.8,11.748,0.112,10.918,0.092,10.583,0.1,11.136,0.027,10.416,0.044,9.53,0.024,9.172,0.032,9.062,0.022,AAA,9.028,0.023,9.084,0.021,9.023,0.035,7.581,0.179,0.996580314720812,5500.0,125.0,0.8008961,0.14473611
1850,56.08369257,24.79618721,18.4,-44.3,1.6,1.7,11.174,0.071,10.495,0.058,10.374,0.1,11.067,0.023,10.337,0.035,9.339,0.023,8.996,0.031,8.9,0.02,AAA,8.872,0.023,8.901,0.021,8.858,0.035,8.4,0.33,0.997079462404961,5500.0,125.0,0.99330735,0.17498446
1884,56.16980966,24.81853979,17.0,-46.3,1.5,1.5,10.394,0.04,9.913,0.037,9.7,0.01899999938905239,10.406,0.168,9.606,0.044,8.783,0.021,8.54,0.038,8.513,0.023,AAA,8.443,0.024,8.457,0.022,8.433,0.027,7.572,0.144,0.998794533801195,6000.0,125.0,1.7592976,0.30911914
1888,56.17425109,22.46456969,24.4,-40.7,2.1,2.2,11.694,0.097,11.024,0.09,10.587,0.1,11.096,0.044,10.337,0.014,9.477,0.021,9.14,0.021,9.072,0.02,AAA,8.999,0.023,9.035,0.02,9.124,0.039,,,0.960715300398795,5500.0,125.0,0.80987155,0.14493266
1890,56.17987562,25.87551289,18.9,-46.4,2.5,2.5,12.465,0.257,11.298,0.119,11.395,0.1,12.148,0.062,11.122,0.058,10.031,0.027,9.669,0.03,9.52,0.02,AAA,9.405,0.024,9.443,0.022,9.333,0.038,,,0.786028654828772,5000.0,125.0,0.46143138,0.08927408
1893,56.18690347,20.74800669,19.6,-43.5,1.1,1.0,9.132,0.019,8.769,0.017,,,,,,,7.943,0.018,7.788,0.018,7.747,0.016,AAA,7.681,0.025,7.68,0.021,7.723,0.019,8.015,0.207,0.989859160065134,6750.0,125.0,4.544019,0.74607515
1905,56.22104459,26.14220773,26.1,-43.2,2.8,2.9,14.639,0.823,11.354,0.127,12.135,0.1,,,,,10.589,0.027,10.027,0.034,9.929,0.018,AAA,,,,,,,,,0.965889056760901,4750.0,125.0,0.23778258,0.037941735
1914,56.24550194,22.03245364,17.8,-43.0,1.1,1.0,10.046,0.034,9.497,0.028,9.353,0.1,10.229,0.028,9.245,0.049,8.52,0.018,8.349,0.033,8.278,0.019,AAA,8.187,0.022,8.237,0.019,8.232,0.021,8.117,0.255,0.99530996630434,6000.0,125.0,2.2740226,0.39799955
1918,56.2568984,19.55936511,14.3,-46.1,1.2,1.2,10.005,0.031,9.442,0.026,9.293,0.010999999940395355,,,,,8.404,0.021,8.225,0.031,8.152,0.021,AAA,8.086,0.024,8.111,0.02,8.106,0.021,8.014,0.218,0.626014684401695,6250.0,125.0,2.6100054,0.4335282
1922,56.2667002,25.25784644,18.0,-43.5,1.6,1.6,11.419,0.076,10.954,0.078,10.462,0.1,11.09,0.03,10.356,0.044,9.435,0.024,9.146,0.033,9.041,0.018,AAA,9.003,0.023,9.032,0.021,8.881,0.034,,,0.978958215367691,5500.0,125.0,0.85407794,0.15159236
1926,56.27724648,24.26351314,20.0,-45.0,1.1,1.0,8.954,0.021,8.552,0.017,9.189,0.15299999713897705,9.803,0.166,8.676,0.077,7.892,0.023,7.767,0.033,7.738,0.024,AAA,7.682,0.024,7.69,0.02,7.601,0.02,6.609,0.085,0.997300595692518,7000.0,125.0,5.0389986,0.84359413
1930,56.28163004,21.99597754,22.7,-47.0,1.6,1.7,11.941,0.134,11.125,0.1,10.924,0.1,11.639,0.028,10.638,0.022,9.568,0.021,9.146,0.021,9.037,0.019,AAA,8.929,0.023,8.979,0.019,8.902,0.028,8.712,0.374,0.976032240722453,5000.0,125.0,0.69370705,0.12580648
1931,56.28417201,26.29253431,19.5,-44.1,2.0,2.0,11.968,0.135,11.246,0.116,11.286,0.1,,,,,9.947,0.026,9.509,0.03,9.443,0.018,AAA,9.437,0.023,9.482,0.02,9.353,0.035,8.939,0.494,0.991330821165189,5250.0,125.0,0.523958,0.09613176
1933,56.29058097,24.83926193,19.7,-45.5,0.8,0.8,5.561,0.014,5.636,0.009,,,,,,,5.741,0.019,5.842,0.034,5.812,0.023,AAA,5.811,0.052,5.751,0.024,5.603,0.015,3.431,0.025,0.99748824646033,9750.0,125.0,115.53818,18.428516
1949,56.31396592,25.28950179,17.4,-44.9,1.4,1.5,12.252,0.194,11.111,0.096,10.947,0.1,11.626,0.044,10.749,0.056,9.709,0.027,9.323,0.041,9.228,0.022,AAA,9.127,0.023,9.141,0.021,9.062,0.034,,,0.988114961366424,5250.0,125.0,0.6390623,0.11735815
1966,56.35052965,24.88598578,19.9,-43.8,1.2,1.2,10.286,0.039,9.676,0.034,9.55,0.008999999612569809,10.303,0.18,9.471,0.04,8.686,0.02,8.572,0.044,8.419,0.023,AAA,8.365,0.022,8.4,0.019,8.348,0.024,8.15,0.285,0.997002232588329,6250.0,125.0,2.0315268,0.34144798
1984,56.38327602,21.24668849,19.3,-48.0,0.9,0.8,7.977,0.017,7.784,0.012,8.984,0.0,9.86,0.047,8.043,0.18,7.389,0.018,7.327,0.02,7.31,0.026,AAA,7.257,0.031,7.284,0.021,7.286,0.017,7.211,0.116,0.99883597580974,8000.0,125.0,9.799466,1.6806165
2001,56.40744845,24.33561208,18.7,-45.9,1.0,0.9,7.373,0.016,7.195,0.011,,,,,,,6.715,0.027,6.629,0.036,6.627,0.024,AAA,6.526,0.042,6.576,0.019,6.536,0.02,6.218,0.076,0.992483044469154,7750.0,125.0,17.336128,2.883589
2017,56.42550055,24.9060041,20.3,-48.0,1.2,1.2,10.366,0.038,9.631,0.03,9.288,0.004000000189989805,,,9.164,0.055,8.286,0.019,8.04,0.044,7.939,0.036,AAA,7.852,0.023,7.895,0.02,7.871,0.02,7.831,0.229,0.869633396806854,5750.0,125.0,2.5690634,0.42857426
2038,56.47698571,24.55451092,19.9,-45.5,0.8,0.8,5.706,0.014,5.745,0.009,,,,,,,5.755,0.029,5.826,0.047,5.777,0.018,AAA,5.75,0.056,5.674,0.027,5.36,0.016,2.504,0.018,0.99807310848946,9750.0,125.0,105.32485,16.77944
2049,56.49641155,25.39858684,20.3,-45.8,1.1,1.0,8.303,0.017,8.063,0.014,8.806,-0.0,,,8.214,0.03,7.605,0.021,7.588,0.053,7.538,0.017,AAA,7.52,0.026,7.525,0.02,7.356,0.017,6.446,0.071,0.999504572609983,7500.0,125.0,7.28501,1.228115
2055,56.51208183,24.52789899,18.6,-43.5,0.9,0.9,6.401,0.015,6.418,0.01,,,,,,,6.399,0.026,6.484,0.042,6.433,0.024,AAA,6.447,0.036,6.451,0.022,5.84,0.015,3.632,0.021,0.996939693670195,10000.0,125.0,60.14816,9.531335
2068,56.53953337,26.13885743,14.5,-44.5,2.4,2.5,14.048,0.543,11.786,0.194,11.49,0.1,,,,,9.968,0.027,9.42,0.031,9.301,0.021,AAA,9.231,0.023,9.294,0.021,9.203,0.033,,,0.812830264051466,4500.0,125.0,0.39778402,0.07521806
2083,56.5666664,24.18990066,17.9,-41.0,1.1,1.0,8.482,0.018,8.129,0.015,8.979,0.0,9.658,0.048,8.214,0.093,7.294,0.026,7.179,0.026,7.115,0.023,AAA,7.031,0.03,7.08,0.02,6.95,0.019,6.584,0.089,0.934209217022877,6750.0,125.0,8.247458,1.379475
2101,56.61366698,24.25499549,22.0,-45.0,0.9,0.9,7.47,0.016,7.338,0.012,,,,,,,7.119,0.018,7.111,0.017,7.125,0.024,AAA,7.066,0.033,7.083,0.02,7.011,0.018,6.204,0.057,0.99620694388654,8500.0,125.0,15.806882,2.6116483
2102,56.61395781,25.13554734,20.0,-44.6,1.4,1.4,11.428,0.083,10.594,0.06,10.345,0.027000000700354576,10.885,0.038,10.21,0.045,9.366,0.018,9.063,0.017,8.993,0.015,AAA,8.929,0.023,8.964,0.02,8.979,0.036,,,0.996857312554627,5750.0,125.0,0.9758743,0.16894646
2116,56.64247954,23.6240228,16.8,-43.9,1.0,1.0,8.587,0.02,8.184,0.016,,,,,,,7.241,0.021,7.116,0.021,7.067,0.02,AAA,7.01,0.033,7.019,0.019,7.067,0.026,6.772,0.15,0.870855402994681,6500.0,125.0,7.9375677,1.3030968
2117,56.64511668,25.8438529,18.6,-47.0,1.2,1.1,9.12,0.02,8.746,0.017,,,,,,,7.966,0.023,7.895,0.017,7.811,0.016,AAA,7.761,0.024,7.79,0.02,7.788,0.021,7.838,0.195,0.998587312828241,7000.0,125.0,4.469645,0.7352029
2134,56.69092493,29.89083031,21.3,-50.0,2.1,2.1,12.084,0.138,11.568,0.123,11.301,0.014000000432133675,11.775,0.022,11.038,0.012,10.02,0.022,9.677,0.019,9.629,0.017,AAA,9.558,0.023,9.598,0.019,9.703,0.056,,,0.514938654243506,5500.0,125.0,0.47801718,0.087588474
2151,56.72882492,24.79635096,17.7,-45.8,1.8,1.8,11.363,0.095,10.544,0.066,10.31,0.1,10.959,0.041,10.272,0.041,9.274,0.024,9.005,0.03,8.977,0.019,AAA,8.922,0.023,8.954,0.021,8.903,0.037,7.713,0.167,0.984491530642026,5750.0,125.0,0.9973859,0.17775682
2161,56.74748776,24.52012034,20.5,-46.6,1.0,1.0,6.842,0.015,6.824,0.011,,,,,,,6.699,0.029,6.733,0.059,6.692,0.024,AAA,6.693,0.04,6.672,0.019,6.346,0.016,4.62,0.033,0.998111909037044,8750.0,125.0,28.636486,4.6874
2187,56.81170018,25.37182795,20.3,-45.6,1.8,1.9,12.816,0.315,11.352,0.116,11.286,0.019999999552965164,12.016,0.038,11.083,0.029,10.046,0.027,9.515,0.03,9.517,0.022,AAA,9.434,0.024,9.472,0.02,9.444,0.046,,,0.979216191412151,5000.0,125.0,0.45809564,0.0863814
2212,56.84540543,22.92211586,20.9,-47.9,1.1,1.0,8.47,0.016,8.188,0.013,,,,,,,7.618,0.021,7.543,0.018,7.52,0.021,AAA,7.47,0.026,7.494,0.02,7.556,0.021,7.719,0.208,0.99884324708961,7500.0,125.0,6.78628,1.1273601
2216,56.85173981,23.91468276,23.0,-42.3,1.1,1.1,7.336,0.016,7.286,0.012,,,,,,,7.143,0.02,7.159,0.021,7.137,0.018,AAA,7.161,0.041,7.194,0.022,7.208,0.021,6.699,0.119,0.92725158512765,9250.0,125.0,22.047031,3.547198
2224,56.86178012,23.67833543,21.7,-43.0,1.3,1.2,7.954,0.018,7.777,0.014,,,,,,,7.406,0.032,7.37,0.021,7.343,0.017,AAA,7.336,0.027,7.344,0.022,7.387,0.022,7.076,0.116,0.997795660284123,8000.0,125.0,9.5707,1.5978309
2263,56.94514785,25.38569626,20.9,-46.0,1.2,1.1,8.607,0.019,8.316,0.014,,,,,,,7.804,0.019,7.753,0.024,7.706,0.024,AAA,7.65,0.025,7.689,0.021,7.722,0.021,7.909,0.219,0.998611996277665,7500.0,125.0,5.840501,0.9723257
2320,57.07031544,25.21512322,21.2,-43.9,1.3,1.3,9.729,0.026,9.263,0.023,,,,,,,8.137,0.018,7.912,0.02,7.862,0.021,AAA,7.827,0.024,7.857,0.021,7.815,0.02,7.694,0.221,0.981108679115738,6250.0,125.0,3.3229074,0.5404979
2331,57.08673343,23.42124898,18.4,-47.2,0.9,0.8,5.362,0.014,5.427,0.009,,,,,,,5.504,0.029,5.59,0.029,5.56,0.017,AAA,5.567,0.059,5.468,0.029,5.687,0.015,5.552,0.046,0.99370946780282,10750.0,125.0,178.11755,27.927639
2352,57.12539869,24.34552188,18.0,-43.9,0.9,0.8,7.109,0.016,6.963,0.011,,,,,,,6.614,0.018,6.595,0.016,6.563,0.018,AAA,6.571,0.037,6.55,0.02,6.583,0.017,6.343,0.07,0.992370736561774,8250.0,125.0,21.688877,3.5967147
2366,57.16384502,21.92498866,23.5,-49.9,1.1,1.1,8.898,0.019,8.455,0.016,9.07,0.10300000011920929,9.906,0.062,8.435,0.082,7.557,0.027,7.4,0.023,7.32,0.021,AAA,7.26,0.028,7.304,0.02,7.327,0.017,7.32,0.12,0.956304709465466,6500.0,125.0,6.0929823,1.016105
2417,57.30077813,23.88679511,18.9,-43.6,1.0,1.0,8.329,0.017,8.107,0.014,,,,,,,7.673,0.023,7.599,0.031,7.576,0.018,AAA,7.57,0.026,7.585,0.021,7.575,0.018,7.393,0.143,0.998471413149696,7750.0,125.0,7.057764,1.1774733
2442,57.35826675,24.24770538,21.2,-44.0,1.0,0.9,8.168,0.017,7.965,0.013,,,,,,,7.587,0.023,7.548,0.031,7.515,0.026,AAA,7.5,0.024,7.514,0.02,7.532,0.018,7.456,0.133,0.996256197744884,8000.0,125.0,8.107968,1.3509009
2464,57.40908722,22.53348317,19.3,-44.3,0.9,0.9,7.049,0.015,7.007,0.011,8.801,0.0,,,7.91,0.061,6.854,0.019,6.918,0.021,6.882,0.023,AAA,6.857,0.037,6.927,0.019,6.954,0.016,6.845,0.077,0.998074176806329,9250.0,125.0,28.656126,4.6095624
2466,57.41414113,23.29011837,18.5,-45.2,1.3,1.4,12.065,0.162,11.212,0.112,10.913,0.1,11.432,0.052,10.681,0.037,9.693,0.02,9.364,0.024,9.256,0.02,AAA,9.206,0.023,9.233,0.021,9.258,0.042,,,0.99262711831148,5500.0,125.0,0.64943904,0.11959359
2479,57.43137399,23.71185564,17.2,-44.1,0.9,0.8,6.094,0.015,6.145,0.01,,,,,,,6.163,0.018,6.225,0.016,6.216,0.023,AAA,6.216,0.046,6.239,0.02,6.116,0.015,5.51,0.045,0.989625085668113,9750.0,125.0,72.80517,11.602158
2498,57.47946963,22.24415156,22.5,-45.4,0.7,0.7,6.044,0.014,6.066,0.01,,,,,,,5.968,0.019,6.051,0.061,5.976,0.021,AAA,6.019,0.047,5.985,0.023,6.096,0.015,5.617,0.037,0.993700970663194,9500.0,125.0,73.8146,11.825304
2539,57.57363169,25.3795658,20.1,-46.1,1.1,1.2,10.234,0.034,9.676,0.03,9.461,0.1,,,9.407,0.038,8.645,0.021,8.469,0.029,8.382,0.017,AAA,8.33,0.023,8.356,0.021,8.385,0.024,8.526,0.39,0.999089865482036,6250.0,125.0,2.1001046,0.36023882
2547,57.58876279,23.09638118,20.6,-44.1,1.7,1.9,12.52,0.257,11.349,0.115,11.157,0.1,11.747,0.035,10.825,0.031,9.863,0.02,9.512,0.027,9.385,0.02,AAA,9.327,0.023,9.392,0.021,9.211,0.032,8.822,0.468,0.991758907769368,5250.0,125.0,0.53538,0.10053008
2548,57.58882221,27.14447154,19.6,-47.4,2.0,2.1,12.085,0.148,11.53,0.134,11.076,0.004999999888241291,,,,,9.836,0.022,9.448,0.019,9.356,0.018,AAA,9.331,0.023,9.388,0.022,9.338,0.037,8.97,0.478,0.990725996342213,5250.0,125.0,0.5396453,0.09675003
2622,57.7764023,25.59469638,20.8,-43.8,1.6,1.6,9.683,0.026,9.187,0.021,,,,,,,8.214,0.023,8.045,0.02,8.009,0.02,AAA,7.928,0.024,7.954,0.021,7.991,0.021,7.932,0.212,0.993435662436471,6500.0,125.0,3.2409294,0.52921796
2671,57.91852884,24.98318543,20.3,-45.5,1.8,1.8,11.731,0.086,11.005,0.076,10.613,0.1,,,,,9.535,0.021,9.219,0.015,9.137,0.022,AAA,9.062,0.023,9.096,0.02,9.073,0.04,,,0.993933407828369,5500.0,125.0,0.7709672,0.13329467
2709,57.98693023,23.90196874,20.3,-47.1,1.2,1.3,10.641,0.042,10.1,0.036,9.889,0.03099999949336052,10.379,0.009,9.746,0.017,8.983,0.02,8.711,0.023,8.632,0.017,AAA,8.594,0.022,8.623,0.019,8.641,0.027,,,0.999069548008411,6000.0,125.0,1.4995512,0.25569776
2710,57.9892476,25.99887824,19.0,-45.8,1.5,1.4,7.854,0.015,7.674,0.012,,,,,,,7.309,0.019,7.332,0.016,7.284,0.017,AAA,7.264,0.031,7.283,0.022,7.272,0.019,6.876,0.091,0.999097670309893,8250.0,125.0,11.148807,1.8477726
2826,58.22282293,24.71573206,17.3,-44.5,0.9,0.9,10.043,0.029,9.499,0.024,9.313,0.1,,,,,8.517,0.026,8.303,0.038,8.259,0.024,AAA,8.232,0.023,8.268,0.02,8.268,0.023,8.145,0.245,0.99351184772804,6250.0,125.0,2.3780746,0.4048473
2994,58.58994199,24.07569633,19.7,-46.0,0.9,1.0,10.317,0.034,9.7,0.029,9.574,0.1,10.148,0.111,9.464,0.042,8.687,0.021,8.48,0.034,8.424,0.021,AAA,8.37,0.023,8.395,0.019,8.368,0.022,8.062,0.232,0.999248191768865,6250.0,125.0,1.9914042,0.35226944
3192,59.01616448,22.22696659,22.1,-51.1,0.9,0.9,9.617,0.023,9.091,0.018,9.26,-0.0,,,10.636,1.544,8.161,0.024,8.006,0.026,7.986,0.026,AAA,7.951,0.022,7.986,0.02,7.966,0.018,7.501,0.117,0.966745146562418,6500.0,125.0,3.3392549,0.54726976
3210,59.04636406,22.22124978,21.2,-42.5,2.3,2.3,12.566,0.237,11.368,0.106,11.341,0.1,11.904,0.068,12.647,1.5,9.906,0.024,9.524,0.025,9.414,0.022,AAA,9.361,0.022,9.395,0.021,9.282,0.035,8.512,0.319,0.985678154081497,5250.0,125.0,0.5193065,0.09288445
3243,59.10916114,23.78431892,20.9,-42.6,1.6,1.7,12.292,0.182,11.335,0.099,11.035,0.1,11.675,0.011,10.84,0.036,9.846,0.026,9.505,0.027,9.394,0.02,AAA,9.304,0.023,9.355,0.019,9.294,0.037,,,0.975761564875364,5250.0,125.0,0.5521686,0.10171866
3247,59.11717442,23.15027442,16.8,-47.3,1.2,1.1,8.67,0.017,8.353,0.013,,,,,,,7.767,0.023,7.715,0.029,7.677,0.027,AAA,7.616,0.025,7.632,0.019,7.571,0.019,6.979,0.085,0.998217830262788,7250.0,125.0,5.8742437,0.9741421
3380,59.3901801,29.77796606,25.3,-45.3,2.4,2.5,11.972,0.093,11.145,0.071,10.906,0.1,11.428,0.031,10.647,0.048,9.707,0.022,9.331,0.019,9.254,0.016,AAA,9.187,0.024,9.247,0.021,9.156,0.032,8.24,0.252,0.968608290247861,5500.0,125.0,0.6640716,0.116977915
3474,59.59014855,21.25766659,24.9,-43.0,1.3,1.5,12.611,0.197,11.518,0.097,11.246,0.1,11.808,0.054,12.96,1.272,9.938,0.026,9.576,0.025,9.451,0.021,AAA,9.399,0.023,9.445,0.021,9.414,0.04,,,0.884213958244663,5250.0,125.0,0.49058133,0.0886182
4040,60.93404276,22.94428255,16.4,-45.7,1.1,1.2,10.479,0.047,9.744,0.034,9.504,0.1,10.286,0.082,11.474,1.374,8.519,0.035,8.262,0.02,8.183,0.024,AAA,8.136,0.024,8.171,0.022,8.18,0.022,8.011,0.21,0.941728076926324,5750.0,125.0,2.0600545,0.35562465
4055,60.97290333,19.07085265,21.4,-38.0,1.6,1.7,11.761,0.11,10.869,0.087,10.525,0.1,11.154,0.044,10.357,0.045,9.177,0.021,8.724,0.021,8.636,0.017,AAA,8.518,0.023,8.547,0.019,8.473,0.023,8.118,0.227,0.819147555365789,5000.0,125.0,0.98354805,0.17374389
4297,61.6517163,27.59990174,20.6,-51.0,0.8,0.8,5.011,0.014,5.151,0.009,,,,,,,5.361,0.032,5.408,0.031,5.433,0.02,AAA,5.424,0.062,5.325,0.03,5.475,0.014,4.681,0.028,0.969919728523075,11250.0,125.0,263.42697,41.02612
4450,62.23078059,20.38599953,19.8,-50.3,1.2,1.2,9.966,0.036,9.406,0.031,9.231,0.039000000804662704,10.244,0.031,9.113,0.087,8.378,0.02,8.194,0.018,8.113,0.026,AAA,8.095,0.023,8.117,0.021,8.119,0.021,8.271,0.297,0.774559332283083,6000.0,125.0,2.4929984,0.4317969
4516,62.49178473,21.13262144,22.2,-40.5,1.7,1.8,12.276,0.212,11.139,0.107,10.777,0.0010000000474974513,11.572,0.041,10.481,0.058,9.388,0.022,8.936,0.049,8.778,0.021,AAA,8.753,0.024,8.819,0.021,8.733,0.025,8.51,0.318,0.752719078978661,5000.0,125.0,0.7731058,0.1387446
4687,56.45340111,23.14714135,22.2,-47.5,1.1,1.0,6.934,0.015,6.911,0.01,,,,,,,6.701,0.018,6.732,0.017,6.816,9.995,AAF,6.581,0.038,6.64,0.019,6.716,0.016,6.875,0.116,0.993507234584051,8750.0,125.0,26.261063,4.2972407
4760,56.58155286,23.94834792,18.9,-46.7,0.8,0.8,4.085,0.014,4.152,0.009,,,,,,,4.233,0.24,4.309,0.154,4.22,0.016,DBE,4.217,0.087,3.821,0.057,4.159,0.014,3.003,0.039,0.999728912369513,10250.0,125.0,516.6506,82.95152
4782,57.29059475,24.05341343,18.9,-45.0,0.6,0.6,3.517,0.014,3.601,0.009,,,,,,,3.8,0.27,3.864,0.234,3.879,0.318,DDD,3.717,0.12,3.227,0.072,3.846,0.014,3.582,0.025,0.99998061547558,12000.0,125.0,1257.7227,197.17523
4797,56.30206106,24.46726881,20.1,-44.8,0.8,0.8,4.158,0.014,4.272,0.009,,,,,,,4.674,0.266,4.589,0.036,4.502,0.021,DEE,4.531,0.087,4.083,0.05,4.628,0.014,4.354,0.028,0.999940049709739,12250.0,125.0,721.9272,111.96274
4798,56.45669538,24.36775119,21.5,-43.9,0.8,0.8,3.775,0.014,3.849,0.009,,,,,,,4.059,0.276,4.122,0.036,3.986,0.017,DEE,3.919,0.096,3.524,0.049,3.796,0.015,1.602,0.032,0.999960300568268,11250.0,125.0,853.4311,134.33685
4800,56.2008923,24.28946632,18.9,-44.9,0.7,0.7,5.384,0.014,5.441,0.009,,,,,,,5.447,0.027,5.476,0.038,5.496,0.016,EAA,5.498,0.059,5.389,0.028,5.503,0.017,4.793,0.035,0.996880740315043,9500.0,125.0,130.1168,20.862398
4801,57.29673613,24.13670934,20.4,-47.5,0.8,0.8,4.939,0.014,5.028,0.009,,,,,,,5.087,0.037,5.067,0.047,4.937,0.021,EAA,4.881,0.08,4.372,0.047,4.175,0.015,3.436,0.021,0.999996731639179,10000.0,125.0,221.95058,35.199688
5318,57.96459297,18.63175421,18.8,-55.1,1.7,1.7,12.247,0.201,11.131,0.097,11.066,0.003000000026077032,11.719,0.057,10.857,0.074,9.793,0.021,9.341,0.024,9.255,0.017,AAA,9.203,0.022,9.27,0.019,9.155,0.034,8.859,0.445,0.924934587102508,5250.0,125.0,0.59734565,0.10960222
5376,59.45725769,18.56240953,21.8,-47.0,1.5,1.6,12.77,0.219,11.443,0.087,11.154,0.008999999612569809,11.769,0.028,10.975,0.076,9.984,0.027,9.528,0.024,9.45,0.018,AAA,9.363,0.024,9.404,0.022,9.269,0.034,,,0.981458666229167,5250.0,125.0,0.50432014,0.090431094
5401,60.17195686,18.68276148,21.9,-46.5,1.7,1.8,12.128,0.126,11.525,0.102,11.25,0.003000000026077032,11.803,0.023,11.048,0.047,9.985,0.024,9.58,0.025,9.489,0.018,AAA,9.436,0.023,9.464,0.021,9.5,0.046,,,0.979157924338974,5250.0,125.0,0.49246663,0.088484645
